run_date,ticker,tier,accruals_flag,revenue_flag,capex_flag,balance_sheet_flag,leverage_flag,governance_flag,market_flag,text_flag,sector_flag,flag_details,run_id,status,schema_version
2026-04-17,AAPL,Green,0,0,0,0,0,0,0,0,0,clean baseline; CFO/NI 0.99,legacy,complete,
2026-04-17,CVNA,Green,0,0,0,0,0,0,0,0,0,"CFO/NI 0.74 (close to 0.8 threshold but single year — rule requires 2yr pattern). Baseline misses historical concerns (high goodwill, DSO, inventory days) — ESCALATE in full run with financial_statements",legacy,complete,
2026-04-17,AHCO,Yellow,0,0,0,0,1,0,0,0,1,"Fresh 2.03 debt event 4 days ago. Distressed health + known roll-up sector with $1.74B long-term debt (from edgar_notes(Debt) earlier). Sector rubric (goodwill %, same-store, contingent consideration) needs edgar_notes access — auto-escalate in full run",legacy,complete,
2026-04-17,CVS,Yellow,0,0,0,0,1,1,0,0,0,"Net debt/EBITDA 6.06 (high), NI down 62% YoY, operating margin 1.2%, health_hint='weak'. 5.02 Director change last month. PBM/managed-care sector flags (MLR, risk-adjust, DOJ) require edgar_notes",legacy,complete,
2026-04-17,HIMS,Yellow,0,0,0,0,0,0,1,0,0,3-insider sell cluster Dec 17-22 (amount threshold unverifiable from company_brief — needs holdings data). Rev +59% but NI flat YoY = margin crush worth watching. FCF margin -4% despite 74% gross margin,legacy,complete,
2026-04-17,JNJ,Green,0,0,0,0,0,0,0,0,0,clean baseline; fresh 8.01 worth a follow-read in full run,legacy,complete,
2026-04-17,DXCM,Yellow,1,0,0,0,0,1,0,0,0,**CFO/NI = 0.075** — rule fires (<0.5 with positive NI). $836M NI vs $62.7M CFO is a $773M earnings-vs-cash gap. FCF margin -6.5% despite 18% net margin. Two 5.02 director changes within 4 days. ESCALATE: financial_statements for BS deltas + edgar_notes(Revenue/Policies),legacy,complete,
2026-04-17,TMDX,Yellow,1,0,0,0,0,0,0,0,0,**CFO/NI = 0.004** — most extreme reading in smoke test. $190M NI but CFO is essentially $0 ($795k). 31% net margin with negative FCF margin. NOP (logistics) revenue model deserves edgar_notes(Revenue/Policies) review — this is exactly what the accruals flag is designed to catch,legacy,complete,
2026-06-14,AGL,Red,0,0,0,1,0,1,0,0,1,"Surviving securities-fraud litigation (consolidated class action into discovery Aug-2025 re misstated medical margin/Adj EBITDA/guidance; new Vandersluis suit Dec-2025; Sinha derivative Feb-2026). Sector IBNR: medical claims payable flat $932M->$930M vs revenue growth (possible under-reserve). Balance sheet: receivables -34% ($1,017M->$674M), equity collapsed $471M->$127M, accumulated deficit -$1,978M, D/E 9.0, CFO -$106M. RADV exposure. 3+ families + surviving fraud suit = Red.",legacy,complete,
2026-06-14,ALHC,Yellow,0,0,0,0,0,0,1,0,0,"MARKET: heavy insider sell cluster (24 sells vs 3 buys, 10 unique insiders, net -$29.9M; 25%-of-holdings clause unverifiable, skipped). DATA GAP: only FY2024 10-K available (473 days stale, no FY2025 10-K in EDGAR yet). Fundamentals seen are clean (AR +28% < rev +47%, allowance $0 normal for MA premium, goodwill 4.5%). 1 family + stale-data watch = Yellow.",legacy,complete,
2026-06-14,ARDT,Green,0,0,0,0,0,0,0,0,0,"Post-IPO (2024) JV hospital model. Net debt/EBITDA 0.88 (low), positive equity $1,288M, current 1.97. CFO/NI 3.46 — cash FAR exceeds earnings (NI conservative, not inflated); NI -35% YoY but CFO +49%. Insider bullish. 0 families.",legacy,complete,
2026-06-14,CAH,Yellow,0,0,0,1,0,0,0,0,1,"Balance-sheet/sector: inventory days ~28.7d vs ~26.0d prior (+2.7d, below >5d distributor channel-stuffing threshold but rising); inv +12.5% outpaces ~2% organic rev growth — but M&A-driven (GI Alliance / Integrated Oncology Network lifted goodwill+intangibles $6.45B->$12.18B = roll-up watch, sector fam 5). Opioid litigation ongoing. CFO -36% YoY (anomaly). Negative equity -$2.78B by-design. 2 families = Yellow.",legacy,complete,
2026-06-14,CLOV,Yellow,0,1,0,0,0,1,0,0,0,"REVENUE/receivable bloat: healthcare receivables $51.5M->$94.9M (+84%) and accrued retrospective premiums $41.3M->$63.9M (+55%) vs revenue +~33% — AR growing >2x revenue. GOVERNANCE: 8-K 5.02+8.01 (2026-04-01); insiders bearish (15 sells, 0 buys). Concern: CFO NEGATIVE -$66.9M alongside NI -$85.5M; unpaid claims flat despite growth (possible days-claims-payable decline). 2 families = Yellow.",legacy,complete,
2026-06-14,CNC,Red,0,1,0,0,0,1,1,0,1,"4 families. GOVERNANCE: NEW Jul-2025 securities class action (Brock Lunstrum v. Centene) + 5 derivative suits alleging false/misleading 2025 EARNINGS GUIDANCE. REVENUE: guidance-misstatement goes to premium-estimate reliability. SECTOR fam 9: contingencies note discloses ACTIVE CMS risk-adjustment, False Claims Act, and min-MLR/rebate regulatory reviews. MARKET: insider net selling. Net LOSS -$6.67B FY2025 (-302% YoY) vs +$3.3B prior. ROE -33%, D/E 2.83.",legacy,complete,
2026-06-14,COR,Yellow,0,0,0,0,0,0,0,0,1,"Sector (9 + roll-up 5): opioid litigation reserve $3.88B (declining from $4.30B); goodwill STEP-UP +$4.36B YoY ($9.32B->$13.68B, Retina Consultants/specialty M&A) = roll-up watch, goodwill 17.9% of assets. Channel-inventory CLEAN: inv days ~24.2d (flat/down); AR +5.7% < rev ~+11%. CFO/NI 2.49 strong, net debt/EBITDA 1.0x, insiders bullish (4 buys, 0 sells). 2 soft families = Yellow.",legacy,complete,
2026-06-14,CVS,Red,0,0,0,0,1,1,1,0,1,"3+ families. SECTOR FCA: $291M Behnke judgment reserve + $165M Omnicare penalty reserve (Bassan qui tam) recorded FY25 + DOJ-intervened RI opioid/CSA qui tam (Dec-2024) + Shea Medicare Advantage kickback DOJ intervention (May-2025); $4.0B opioid accrual. SECTOR risk-adjustment: DOJ CIDs on MA diagnosis-code submissions + RADV audits. SECTOR PBM: FTC complaint (Sep-2024) + rebate MDL. GOV/market: 2024-25 securities class actions on Health Care Benefits profitability; insider net -$361M/90d. LEVERAGE D/E 2.36, health STRESSED.",legacy,complete,
2026-06-14,CYH,Yellow,1,0,0,0,1,0,0,0,0,"LEVERAGE fires hard: total debt $10.4B vs negative equity -$1,394M, total liabilities $14.04B EXCEED total assets $13.20B (debt/assets 1.06), net debt/EBITDA 5.29, newest 2033/34 notes at 9.75-10.875% (deep-distress coupons), $804M annual interest on $12.5B revenue, ABL springing-maturity covenant. ACCRUALS/NI-quality soft: 2025 NI swung to +$509M but propped by $107M after-tax debt-extinguishment gain + divestiture gains; FCF margin 1.7%. Goodwill 25% (declining via impairments, no fire). 2 families = Yellow.",legacy,complete,
2026-06-14,DVA,Yellow,0,0,0,0,1,0,1,0,0,"LEVERAGE: stockholders' equity NEGATIVE -$651M (buyback-driven; debt/assets 0.934). MARKET: insider net -$200.4M over 90d, 12 insiders incl CEO-level sells (below strict 3x>25%-holdings rule but large $ cluster). Accruals CLEAN: CFO/NI 2.53. NI -20.2% YoY. No governance event (6/8 8-K = new credit agreement, routine). Dialysis sector carries structural FCA tail but NO new matter disclosed. Berkshire top holder. 2 families = watch.",legacy,complete,
2026-06-14,ELV,Green,0,0,0,0,0,0,0,0,0,"CFO/NI 0.76 — below 0.8 but >0.5, accruals combination not met (no Sloan>10% confirmation, single year). Net margin 2.8% thin (MLR pressure, disclosed). Liquidity ok (current 1.54), D/E 1.76. Recent 8-Ks routine; no 4.01/4.02/NT, no new FCA. 0 families.",legacy,complete,
2026-06-14,ENSG,Green,0,0,0,0,0,0,0,0,0,"No families fire. Goodwill only $98M = 1.8% of assets — Ensign owns real estate (Standard Bearer captive REIT) rather than booking acquisition goodwill, so NOT a goodwill roll-up despite acquisitive growth. CFO/NI 1.64 strong (CFO +62.5% YoY). DSO ~46d; AR +11.8% < rev +18.8%. Net cash. Insider 'bearish' (22 sells/6 buys) but net only -$1.3M — does NOT meet cluster rule. Best balance sheet of the group.",legacy,complete,
2026-06-14,EVH,Red,0,0,0,1,1,0,0,0,1,SECTOR roll-up/goodwill: $398.0M non-cash goodwill impairment FY2025 (share price $23.35->$6.67) — classic VBC roll-up failure. BALANCE SHEET: goodwill 36.6% + intangibles $585M => goodwill+intangibles = 67% of total assets. LEVERAGE: LT debt nearly doubled $491M->$971M; ST debt $171M->$0 (refi into LT). NI -$534M impairment-driven; CFO +$39M; reserve for claims -40%; equity halved. Insiders neutral/positive. 3 families = Red.,legacy,complete,
2026-06-14,HCA,Green,0,0,0,0,1,0,0,0,0,"Leverage family only: net debt/EBITDA 3.04, negative stockholders' equity -$6,027M (structural from buybacks, drives ROE -2.45). CFO/NI 1.86 = strong cash backing, no accruals flag. No governance items (recent 5.02 officer / 2.03 debt routine). 1 family = Green.",legacy,complete,
2026-06-14,HUM,Green,0,0,0,0,0,0,0,0,0,CFO/NI 0.78 — below 0.8 but accruals combination needs Sloan>10% AND 2 consecutive yrs (not confirmed) OR CFO/NI<0.5 (not met). NI down to $1.19B on disclosed medical-cost trend. 8-K 2.03 (new debt) routine. Liquidity strong (current 2.0). No new FCA/governance. 0 families fully fire.,legacy,complete,
2026-06-14,MCK,Yellow,0,0,0,0,0,0,0,0,1,"Sector (7/9): ongoing opioid distribution FCA/litigation; total opioid liability $5.69B (DOWN from $6.38B, being paid); new DOJ FCA CIDs Jul-2024 (Sun Pharma copay) + Mar-2025. Channel-inventory CLEAN: inv days 22.7d vs 24.3d (FELL 1.6d, opposite of stuffing); AR +9.1% < rev +12.4%; DSO 25.3 vs 26.1. CFO/NI 1.29 healthy. Goodwill 13.7%. Negative equity -$2.17B by-design (buybacks/AP float). Only sector-legal family fires = Yellow.",legacy,complete,
2026-06-14,MOH,Yellow,1,0,0,0,0,0,0,0,0,"ACCRUALS fires: CFO -$535M vs positive NI +$472M = the general fam-1 'CFO/NI<0.5 with positive NI' rule. NI -60% YoY. Driven by $4.15B of prior-year claims paid in 2025 (timing). COUNTER-SIGNAL: sector fam 3/4 do NOT fire — favorable prior-year reserve development collapsed to $98M (2025) from $675M (2024)/$427M (2023), i.e. reserve STRENGTHENING not smoothing. Insider bearish but only 3 (sub-cluster). 1 family + anomaly = Yellow.",legacy,complete,
2026-06-14,OPCH,Green,0,0,0,1,0,0,0,0,0,"One family fires firmly: BALANCE SHEET — goodwill $1,606.7M = 46.5% of assets (>40% general, but below 50% sector roll-up threshold so sector family does NOT fire). Soft watch (not firm): inventory +21.4% vs rev +13.0% (~1.6x, infusion-drug stockpiling, single-year); CFO declined 3 straight years (-20% in 2025) while revenue grew, but CFO/NI still 1.24. DSO ~31d stable. Net debt ~2x EBITDA. No governance. 0-1 firm families = Green (monitor cash conversion).",legacy,complete,
2026-06-14,OSCR,Yellow,0,0,0,0,0,1,0,0,1,"SECTOR (bad-debt/allowance): allowance for credit losses fell $31.3M->$7.2M (-77%) while premiums/AR rose $316M->$443M (+40%) — allowance/gross AR declining while receivables grow. GOVERNANCE: 8-K 5.02 officer change (2026-06-02); two CFOs listed (Blackley + Sankaran) implying CFO transition. Context: NI swung +$25M->-$443M; risk-adjustment transfer payable surged +66%; CFO +$1,095M so accruals don't fire. 2 families = Yellow (no critical 4.02/4.01/NT).",legacy,complete,
2026-06-14,PACS,Red,0,0,0,0,0,1,1,0,1,"GOVERNANCE (critical): 8-K Item 4.02 non-reliance on prior financials filed 2025-06-16; active SEC Division of Enforcement investigation into accounting/financial reporting & ICFR; repeated 5.02 officer departures (2025-08-15, 09-08, 2026-03-05, 04-27). MARKET/SECTOR (DOJ FCA): 4 separate DOJ Civil Investigative Demands + HIPAA subpoena re False Claims Act (PDPM upcoding, 1135 waiver, anti-kickback); securities class action (Manchin) + derivative suits alleging multi-year revenue-inflation. Goodwill 1.2% (leases facilities). CFO/NI 2.11. Textbook Red.",legacy,complete,
2026-06-14,SGRY,Red,0,0,0,1,1,0,0,0,1,"SECTOR roll-up/goodwill: goodwill $5,194.6M = 64.0% of assets (>50%), grew $4,326M(2023)->$5,194.6M via continued acquisitions. BALANCE SHEET BLOAT: goodwill >40%. LEVERAGE: net debt ~$3,462M / EBITDA ~$565M = ~6.1x. Recurring 'transaction & integration costs' ~2-3% of rev for 3yrs. Reported net loss -$77.9M to SGRY while consolidated profit +$98.9M (NCI net income $176.8M exceeds consolidated) — classic roll-up where minority interest absorbs economics. CFO +$274.3M. No 4.02. 3+ families = Red.",legacy,complete,
2026-06-14,THC,Green,0,0,0,0,1,0,0,0,0,"Leverage family only: D/E 3.44, debt/assets 0.70, health 'stressed' — but deleveraging (total liabilities $23.3B->$20.7B 2021-25) and ROE 23%. CFO/NI 1.50 strong; CFO +73% YoY (upward = positive). Insider mixed (33 buys vs 14 sells, no cluster, net -$2.2M). No governance. 1 family = Green.",legacy,complete,
2026-06-14,UHS,Green,0,0,0,0,0,0,0,0,0,"Cleanest of the hospital group: net debt/EBITDA 1.77 (lowest), ROE 20.3%, positive equity $7,276M. CFO/NI 1.25 strong. Revenue +9.7%, NI +30%. Insider balanced (19/19, net -$2.1M). Two 5.02 officer-change 8-Ks (Mar+May 2026) routine, not for-cause. 0 families.",legacy,complete,
2026-06-14,UNH,Green,0,0,0,0,0,0,0,0,0,"CFO/NI 1.63 (cash-backed). Health 'stressed' = margin compression (net 2.7%, op 4.2%), not accounting. D/E 2.08 elevated but single ratio. Legal: 2017 DOJ FCA risk-adjustment case is PRE-EXISTING and a Special Master recommended summary judgment FOR UNH (Mar-2025) — not a NEW FCA, sector fam 9 does not fire. RADV routine. 5.02 = Conway/Hemsley leadership transition (public). 0 families.",legacy,complete,
2026-06-14,USPH,Yellow,0,0,0,1,0,0,0,0,1,"SECTOR roll-up/goodwill: goodwill $692.4M = 57.5% of assets (>50%), active roll-up $509.6M(2023)->$692.4M. BALANCE SHEET BLOAT: goodwill >40%. CFO/NI 1.90 healthy; DSO ~30d stable; AR +8.8% < rev +16.3% (clean). Low leverage (~1x). Large redeemable NCI typical of clinic-partnership model. 2.03 (Apr-2026) routine revolver draw. No 4.01/4.02/NT. 2 families = Yellow (goodwill-impairment watch).",legacy,complete,
2026-06-14,ALGN,Green,0,0,0,0,0,0,0,0,0,"No families fired. CFO/NI 1.45 (healthy). Revenue flat +0.9% YoY, GM stable 67.2%. Insider neutral (29 buys/0 sells). HMRC VAT (~$100M) settled favorably at Tax Tribunal Apr-2025, refunded; HMRC appeal scheduled May-2026 (disclosed). No distributor channel-stuffing, consignment build, or recall-reserve issue evident.",legacy,complete,
2026-06-14,ATEC,Yellow,0,0,0,0,1,1,0,0,0,"LEVERAGE: 8-K 5/5 items 1.01/1.02/2.03 = debt refinancing + new direct financial obligation; short-term debt spiked $1.7M->$64.5M; $17.6M loss on debt extinguishment; interest expense $45.9M; equity razor-thin $12.4M; net debt ~$405M. GOVERNANCE: repeated 5.02 officer departures (3/3 and 6/11). OPERATIONS CLEAN for high-growth spine: revenue +25%, inventory DOWN -3.3% & inv-days -22% (field inventory controlled), DSO -6%, CFO turned positive +$45.2M. 2 families = Yellow.",legacy,complete,
2026-06-14,BAX,Yellow,0,0,0,0,1,1,0,0,0,"Leverage: D/E 2.29, revolver max-net-leverage covenant amended UPWARD Nov 2025 (stress signal); debt on-BS, well-laddered, no 2026 maturities, Kidney Care proceeds repaid bridge. Governance: repeated 5.02 officer/CEO churn across Feb/Mar/May 2026 (new CEO Brent Shafer). Two consecutive net-loss years (-649, -957). No 4.02/restatement/auditor/late-filing critical item, so not auto-Red.",legacy,complete,
2026-06-14,BDX,Yellow,0,0,0,1,1,0,0,0,0,Balance-sheet: goodwill 48.1% of assets (>40% roll-up/impairment risk). Leverage: net debt/EBITDA 3.37 + new 1.01/2.03 debt 8-K May 2026; quick ratio 0.645. CFO/NI 2.04 very clean. AR/inventory flat. Insider mixed-negative but no qualifying cluster.,legacy,complete,
2026-06-14,DXCM,Green,0,0,0,0,0,0,0,0,0,"NO families fired. CFO/NI 1.72 (accruals CLEAN). Revenue +15.6%; AR +20.9% (1.34x revenue growth, BELOW 1.5x); DSO 91->95d (+4.6%, well under 15%). Inventory +15.9% in-line. Goodwill 0.4%. Convertibles offset by cash+securities. PRIOR SMOKE-TEST ACCRUALS FLAG NOT RE-CONFIRMED — clean (was a low-prior-NI artifact).",legacy,complete,
2026-06-14,GEHC,Yellow,0,0,0,1,0,0,0,0,0,"Balance-sheet bloat: inventory +15.2% YoY (1939->2234) and receivables +10.9% (3566->3955) both >1.5x revenue growth (+4.8%). CFO/NI 0.95 clean. Leverage elevated (D/E 2.53, debt/assets 0.71) but on-BS/manageable (~3.3x net-debt/EBITDA). Goodwill 36.6% of assets. Single 5.02 officer change (not a cluster). 1 family = watch working-capital build.",legacy,complete,
2026-06-14,GH,Yellow,0,0,0,0,0,0,1,0,0,"MARKET FIRES: 6-seller cluster 5/18-5/22 (HIGH severity), 5 insiders each sold >25% of holdings in 30d (Krognes 47.6%, Joyce 32.4%, Hidalgo 61%, Clark 69.8%, Freeman 28.9%); net -$51.4M, none under 10b5-1. CONTEXT: NEGATIVE stockholders' equity -$99.3M (2nd straight yr) and operating cash burn CFO -$184.8M on -$416.3M loss. Convertibles normal capital-markets (leverage doesn't fire). No 4.01/4.02/NT. 1 hard family + negative-equity watch = Yellow.",legacy,complete,
2026-06-14,GMED,Green,0,0,0,0,0,0,0,0,0,"No family fires on combinations. DSO +4.3% (AR +21.7% vs rev +16.7% = 1.30x, below 1.5x). Inv days +24.5% but driven by COGS -7.5% (Nevro purchase-accounting artifact); inventory +15.2% tracks revenue. Goodwill 27.1%. KEY CAVEAT: NI +422% inflated by one-time $117.7M non-cash bargain-purchase gain (Nevro) — NI quality, not a defined family flag. CFO/NI 1.40 cash-backed. Net cash.",legacy,complete,
2026-06-14,INMD,Green,0,0,0,0,0,0,0,0,0,"DATA-LIMITED: foreign private issuer (20-F/6-K, not 10-K) — financial_statements/trends unavailable, so DSO/inventory/AR/goodwill UNOBTAINABLE and Form 4 absent. On obtainable data: CFO/NI 0.91 (slightly soft), revenue $370.5M (down materially from ~$500M peak), NI $93.8M. Context: China/distributor + short-seller interest, but channel-inventory cannot be measured here. Per 'never invent,' no family fired without line items. Flagged as data-gap — 20-F manual read needed.",legacy,complete,
2026-06-14,ISRG,Green,0,0,0,0,0,0,0,0,0,"No families fire. CFO/NI 1.06 (healthy). Revenue +20.5%, NI +23.0%, GM 66%, current ratio 4.9, D/E 0.14. SECTOR: total inventory +23.7% just above revenue +20.5% but NOT >1.5x (threshold not met); finished goods +38% is a soft build-ahead signal worth watching but does not fire the rule. No consignment line. Insider 'bearish' but immaterial (net -$2.9M, 16 sells/6 insiders, short of cluster). 5.02 routine.",legacy,complete,
2026-06-14,MASI,Red,0,0,0,0,0,1,1,0,0,"CRITICAL GOVERNANCE = automatic Red. 8-K filed 2026-06-10 carries items 5.01 Change in Control, 5.02 Departure of Officers, 3.01 Notice of Delisting, 2.01 Completion of Acquisition, 1.02 Termination of Material Agreement, 3.03 + 5.03 — merger closed, Masimo now a wholly owned subsidiary of Parent (taken private). MARKET also fires: 90-day insider bearish, 62 sells vs 11 buys, 13 insiders, net -$865.8M (merger cash-out). Accruals not flagged (NI -151.5M, CFO +217.8M). Driven by the critical governance item.",legacy,complete,
2026-06-14,NTRA,Green,0,0,0,0,0,0,0,0,0,"No families fired at threshold. NI -$208.2M (loss) but CFO +$215.3M and rising — positive CFO on a net loss is favorable. Revenue +35.9%; AR FELL $314.2M->$296.5M (DSO ~68->47d) — revenue quality clean. Inventory +53% but tiny ($68.4M on $2.3B revenue). Goodwill 5.9% (Q4 acquisition). MARKET WATCH (soft, sub-threshold): 7-seller insider cluster, -$43.9M net, but only ~2 insiders clearly >25%, strict bar not met.",legacy,complete,
2026-06-14,PHG,Green,0,0,0,0,0,0,0,0,0,"DATA-AVAILABILITY LIMITED — foreign private issuer files 20-F. company_brief returned revenue/equity/operating_cash_flow = null; only NI $897M and total assets $26,944M available; financial_snapshot errored; edgar_notes rejects 20-F, so Respironics CPAP warranty/product-liability + contingencies note text could NOT be retrieved. No 8-K governance item (files 6-K). No family can be evaluated → Green BY RULE, but this is a DATA GAP not a clean bill — Respironics recall reserve adequacy unverifiable; flag for manual 20-F read.",legacy,complete,
2026-06-14,PODD,Green,0,0,0,0,0,0,0,0,0,"Clean. CFO/NI 2.30, gross margin 71.6%, current ratio 2.81, moderate leverage (D/E 1.10). No governance items (routine 7.01/5.03 only). Negligible goodwill. 0 families.",legacy,complete,
2026-06-14,SOLV,Yellow,1,0,0,0,0,0,0,0,0,"Accruals: CFO/NI 0.24 (CFO collapsed $1,915M->$1,185M->$369M over 3yr, CAGR -39.6%) while NI surged +225% to $1,556M (one-time-looking — read the NI bridge). Goodwill 39.9% of assets (just under 40%). Inventory +10.5% vs low-single-digit revenue (near-miss). Spin debt deleveraged (LT debt $7,810M->$5,035M, net-debt/EBITDA 1.56). 5.02 items are mgmt transitions. Widest earnings-vs-cash gap in the batch.",legacy,complete,
2026-06-14,STAA,Red,0,1,0,1,0,1,0,0,1,"4 families. SECTOR (consignment/write-off): consigned finished-goods inventory +548% ($1.484M->$9.619M) while revenue FELL -23.7%; inventory reserves +129%. BALANCE-SHEET BLOAT: total inventory +28% and inventory days 213->355d (+67%) while revenue collapsed -24% — income statement running behind demand. REVENUE QUALITY: net sales $313.9M->$239.4M (-23.7%); allowance for sales returns +55%. GOVERNANCE: interim co-CEO structure, repeated 5.02 (2/5 and 6/9). CFO -$34.2M, NI -$80.4M. Field-inventory build into a demand collapse.",legacy,complete,
2026-06-14,SYK,Green,0,0,0,0,0,0,0,0,0,"No families fire. CFO/NI 1.55 (healthy). Net debt/EBITDA 2.03 (moderate, roll-up acquirer, disclosed). FCPA: SEC and DOJ BOTH CLOSED their inquiries during 2025 (fam 7 does NOT fire). Warranty/recall: legacy hip recalls accrued at $144M best-estimate (reserved, not under-reserved). Supplier-finance program flat/immaterial ($75M vs $71M, longstanding — leverage-hiding does NOT fire). Insider mixed (27 buys/25 sells, no qualifying cluster). 5.02 routine.",legacy,complete,
2026-06-14,TEM,Yellow,0,1,0,0,0,0,0,0,0,"REVENUE-QUALITY WATCH: revenue +83.4% heavily acquisition-driven (Ambry — goodwill $73M->$470M, intangibles $12M->$355M). AR +101% ($154.8M->$311.2M) OUTPACES revenue +83% (~1.2x, just under 1.5x); DSO 81.5->89.3d (+9.6%). Acquisition makes organic comps opaque and AR growth hard to trust this cycle. Cash burn WORSENED: CFO -$218.1M (vs -$189.0M PY) on -$245.0M loss. Goodwill 20.7%. Insider cluster is RSU-withholding + Lefkofsky 10b5-1 (market does NOT fire). 1 soft family + comp opacity = Yellow.",legacy,complete,
2026-06-14,TMDX,Green,0,0,0,0,0,0,0,0,0,"NO families fired. CFO $192.8M / NI $190.3M = 1.01 (accruals CLEAN). AR FELL $97.7M->$84.3M while revenue grew (DSO ~81->51d, down sharply). Inventory flat. Goodwill 1.1%. Net debt ~negligible. Insider neutral (9 buys, 0 sells). PRIOR SMOKE-TEST ACCRUALS FLAG NOT RE-CONFIRMED — was a false positive from tiny prior-year NI; FY25 NI scaled up and CFO now fully backs earnings.",legacy,complete,
2026-06-14,ZBH,Green,0,0,0,1,0,0,0,0,0,"Balance-sheet family: goodwill 43.1% of assets (>40%, post-Paragon28 roll-up) AND AR +15.1% vs revenue +7.2% (2.1x). DSO 75.6d (+15.2% YoY) at threshold but revenue ACCELERATING (3.9%->7.2%) so revenue-quality combo does NOT fire. Inventory days fell. CFO/NI 2.41 strong. Net debt ~$6.9B (~3.0x EBITDA, acquisition-driven). 1 family = Green (watch receivables).",legacy,complete,
2026-06-14,APP,Yellow,0,1,0,0,0,0,1,0,0,"Revenue: gross margin +~400bps YoY (83.9->87.9%) on agent/net-revenue model that 2025 short-sellers dispute (ad-attribution/revenue-quality). Market: bearish insider 182 sells/9 buys net -$118M, 3-insider cluster (CEO+Secretary+director) 6/4-6/11. BUT on-filing forensic ratios CLEAN: CFO/NI 1.19, AR -16% as %rev (DSO 145->121d), capitalized software immaterial, goodwill 21%. Single 5.02 (routine). Short-seller thesis is off-filing; statement ratios do not corroborate.",legacy,complete,
2026-06-14,SHOP,Green,0,0,0,0,0,0,0,0,0,"Clean. CFO/NI 1.65, tiny trade AR (~14 DSO, paid upfront), goodwill 3.2% of assets, net cash, convertible debt being repaid. No governance items.",legacy,complete,
2026-06-14,NOW,Green,0,0,0,0,0,0,0,0,0,"Clean. CFO/NI 3.11 (very strong), AR +17.3% < revenue +20.9% (DSO 74->72d), deferred revenue +21.9% growing in line (healthy backlog). Goodwill 13.7%; jump 1273->3578 explained by disclosed 2025 acquisition. New 2.03 credit facility (routine).",legacy,complete,
2026-06-14,ORCL,Green,0,0,0,0,0,0,0,0,0,"CFO/NI 1.67 strong, AR +8.7% in line with revenue, DSO 54d. WATCH (no family fires strictly): goodwill 37.0% of assets (near 40%), PP&E +102% (21.5B->43.5B data-center capex), negative FCF margin -0.7%, D/E ~4.5x. Leverage is on-BS/disclosed (no off-BS factoring/VIE/ST-LT-shift) so Family 5 (hiding) does not fire. Capex is genuine cloud buildout.",legacy,complete,
2026-06-14,TTAN,Yellow,0,0,0,1,0,0,0,0,0,"Balance sheet: goodwill 49.3% of assets (>40% roll-up/impairment risk) = family fires. Soft revenue-quality signal: allowance for doubtful accounts +155% (4.7M->12.0M). DSO ~21d, contract assets in line, internal-use software +9.7% < revenue +27% (no capex flag). Loss-making (NI -160M) but CFO +110M positive (SBC-driven). Post-Dec-2024-IPO insider selling, small/no qualifying cluster. LT debt fully repaid.",legacy,complete,
2026-06-20,HCA,Green,0,0,0,0,0,0,0,0,0,"0 families. CFO/NI 1.86 (strong cash backing, no accruals flag). Negative equity -$6.0B is structural from buybacks (drives ROE -2.45) — not a flag. net-debt/EBITDA 3.04x is VISIBLE on-BS leverage, not the leverage-hiding family (off-BS/factoring/VIE) -> leverage_flag cleared vs 2026-06-14. Recent 5.02/2.03 routine, no critical governance. GREEN.",legacy,complete,
2026-06-20,STAA,Red,0,0,0,1,0,1,0,0,1,"3 families (balance_sheet + sector + soft governance). BALANCE-SHEET: inventory net +28% ($43.3M->$55.5M) while revenue/gross-profit ~-24%. SECTOR (medtech consignment): consigned inventory +548% ($1.484M->$9.619M), returns allowance +55% — field-inventory build into a demand collapse. GOVERNANCE soft: interim co-CEO, repeated 5.02 (not critical). Accruals NOT fired (NI -$80.4M < 0). Goodwill immaterial ($1.8M). revenue_flag refined off vs 06-14 (AR fell -36%, no DSO/premature-rec fingerprint). CFO -$34.2M (from +$15.7M). RED preserved via legitimate families.",legacy,complete,
2026-06-20,ACHC,Red,0,0,0,0,1,1,0,0,1,"3 families. SECTOR (roll-up/goodwill, corroborated by IMPAIRMENT): $968M goodwill write-down FY2025 (goodwill $2,264.9M->$1,296.3M) = the cause of the -$1.103B net loss (CFO +$132M positive, so non-cash). LEVERAGE: LT debt +$591M ($1,880M->$2,471M). GOVERNANCE soft: CFO transition (Duckworth/Young). Behavioral-health roll-up; verify any new DOJ/admissions matter next pass. Goodwill counted once in sector (no double-count).",legacy,complete,
2026-06-20,AGL,Red,0,0,0,1,0,1,1,0,1,"4 families. BALANCE-SHEET: equity collapsed to $127M, negative CFO -$105.8M, ROE -3.09, debt/equity 9.0x, 'stressed' health. SECTOR (VBC IBNR/risk-adjustment): under-reserve concern (verify medical-claims-payable vs revenue next pass). MARKET: bearish insiders (10 sells, net -330k sh). GOVERNANCE soft: 5.02 officer + 3.03/5.03 charter amendment. Securities class action survived MTD (legal/market context, not critical-gov). Red preserved via legitimate families (June: Red).",legacy,complete,
2026-06-20,ACH,Red,0,0,0,1,1,0,0,0,1,"Distressed. -$1.101B net loss, NEGATIVE equity -$461M, negative CFO -$101.8M (Accendra Health, fka Owens & Minor). Loss likely a large goodwill impairment (distribution + Patient Direct roll-up). Repeated 1.01/2.03 refinancing under stress (Jun 15, May 11). BALANCE-SHEET (impairment/neg equity) + LEVERAGE (refi distress) + SECTOR (distributor). financial_snapshot TIMED OUT -> re-escalate next batch for impairment/debt-covenant specifics. RED.",legacy,complete,
2026-06-20,AHCO,Yellow,0,0,0,0,0,1,0,0,1,"2 families -> Yellow (NOT Red). High goodwill 58% of assets ($2,500M) but goodwill-% ALONE does not fire (recalibration): CFO is strongly positive (+$601.8M) and the company is DELEVERAGING (LT debt $1,965M->$1,716M). Goodwill fell $175M but with assets-held-for-sale $52.7M->$0 it looks DIVESTITURE-driven, not impairment -> VERIFY impairment vs divestiture next pass (would tip sector to a corroborated flag). Small -$70.8M loss. GOVERNANCE soft: 5.02 officer. DME roll-up (April-smoke-test Red on historical issues) now correctly Yellow.",legacy,complete,
2026-06-20,ADUS,Green,0,0,0,0,0,0,0,0,0,"0 families. Profitable (NI +$95.9M), CFO/NI 1.16 (healthy cash conversion). Home-care roll-up with goodwill but NO impairment/distress corroborator, so goodwill does not fire (recalibration). Insider activity tiny (net +9.5k sh). Routine events only. GREEN.",legacy,complete,
2026-06-20,ALHC,DataGap,0,0,0,0,0,0,0,0,0,"DATA GAP (manual review) - latest annual XBRL = FY2024 (period_end 2024-12-31, ~18 months stale); no FY2025 10-K surfaced. Cannot evaluate the 10-K-based rubric on 18-mo-old financials. MANUAL: verify whether ALHC is genuinely late on the FY2025 10-K (would be a critical-governance late-filing signal) vs an MCP XBRL lag. CONTEXT for reviewer: current bearish insider cluster (19 sells, net -1.245M sh, -$28M value, 90d). June run had ALHC Yellow on stale data; recalibration correctly routes to Data Gap.",legacy,complete,
2026-06-25,AMN,Yellow,0,0,0,0,0,0,0,0,0,"No family fires on present data. Governance coverage complete: 8-K events are routine (2.02 earnings, 5.02 officer changes, 5.03 bylaws, 5.07 votes, 9.01) with NO Item 4.02, restatement, auditor-disagreement, or NT late filing — neither critical (6a) nor clearly soft (6b) governance triggered. Market partial: no insider selling clusters detected. Sector (hc_services staffing, not a classic roll-up): a goodwill+long-lived impairment was recorded in FY2025 (a corroborator under Family 5), but goodwill-as-% of total assets is unavailable so the >50% gate cannot be confirmed — absence is not a flag, so sector left 0. Accruals/revenue/capex/balance_sheet/leverage all unavailable with no present signal that independently fires.",28179258026,fetch_failed,1
2026-06-25,AMWL,Yellow,0,0,0,0,0,1,0,0,0,"governance=soft: multiple Item 5.02 leadership-change 8-Ks over trailing 24 months (officer/director departures and appointments) constitute repeated turnover, firing the soft governance family as one combination contributor. No Item 4.02, no restatement, no auditor resignation-with-disagreement, no NT late filing — critical governance does NOT fire. Core accounting families (accruals/revenue/capex/balance_sheet/leverage) have unavailable coverage and no present signal fires them — not flagged (absence is not a flag). Sector coverage marked complete but no fired signal present in supplied notes (legal proceedings note states no material proceedings; revenue note is standard ASC 606 platform recognition) — sector not flagged. Market partial: Form 4 activity present but no insider-selling cluster of 3+ within 30 days at >25% holdings — not flagged. Text not evaluated. Corporate action: 8-K Item 2.01 detected relates to a divestiture (Aligned/APC), not a take-private/merger/delisting structural exit, so corporate_action=null.",28179258026,complete,1
2026-06-25,AMN,DataGap,0,0,0,0,0,0,0,0,0,"No family fires. Goodwill impairment ($109.5M) is a genuine sector corroborator but the goodwill/total-assets threshold is unverifiable (financials unavailable), so sector and balance_sheet do not fire (absence is not a flag). Governance: only routine 5.02/5.07/5.03 housekeeping items and one 1.01/2.03 credit-agreement event — no 8-K 4.02, no restatement, no auditor-disagreement, no NT filing; critical governance = false. Market: insider Form 4 activity present but no clusters of 3+ sellers flagged. Text not evaluated. Required families incomplete due to data-source errors.",28198557962,fetch_failed,1
2026-06-25,ARDT,Yellow,0,0,0,0,0,1,0,0,0,"governance=1 (soft): cluster of Item 5.02 officer/director-change 8-Ks across 2025-2026 suggesting repeated management turnover; no Item 4.02, no restatement, no auditor resignation with disagreement, no NT late filing -> not critical. Financial families (accruals, revenue, capex, balance_sheet, leverage) coverage unavailable (REST 404s) and no present signal fires them. market=partial, no insider clusters, no fire. text not_evaluated. sector=complete but note bodies show no specific bad-debt/contractual-allowance/roll-up/FCA trigger, so no fire.",28198557962,complete,1
2026-06-25,AVAH,Yellow,0,0,0,0,0,0,0,0,0,"Most quantitative families (accruals, revenue, capex, balance_sheet, leverage) have unavailable coverage due to REST API 404s; no present signal clearly fires them, so they remain 0 (absence is not a flag). Governance coverage complete: 8-K history shows routine 2.02/7.01 earnings filings, two 5.07 (annual meeting votes), and several 5.02 (officer/director) filings, but no Item 4.02, no NT late filing, no restatement, and no auditor resignation with disagreement — neither critical nor clearly soft-governance turnover with sufficient detail, so governance=0. Market coverage partial: Form 4 dates cluster around Feb 17-19 (likely grant/vesting) and June 5 but the clusters array is empty and no 3+ insider sale cluster >25% holdings is identified, so market=0. Text not evaluated. Sector (hc_services, home-care): goodwill+intangibles ~60% of total assets but general balance-sheet goodwill is scored only in the sector family for roll-ups; sector Family 5 requires goodwill >50% AND a corroborator — no impairment, no disclosed negative same-store growth, no material contingent-consideration boost, leverage unverifiable — so it does not fire. No FCA/qui tam/DOJ or 340B disclosures surfaced. corporate_action null.",28198557962,fetch_failed,1
2026-06-25,BTSG,Yellow,0,0,0,0,0,1,0,0,0,"governance=1 (soft): recurring Item 5.02 management/director changes across 2024-2026 fire the soft governance family as one combination-count family; no 8-K Item 4.02, restatement, auditor-resignation-with-disagreement, or NT late filing present, so critical_governance=false. Financial families (accruals/revenue/capex/balance_sheet/leverage) all have unavailable coverage and no present signal fires them — absence is not a flag. Sector coverage complete but note excerpts contain only boilerplate risk language with no FCA/qui-tam, IBNR, bad-debt, or goodwill-impairment trigger, so sector=0. Market coverage partial; Form 4 activity present but no qualifying cluster (3+ insiders selling >25% within 30 days) detected. Corporate action 8-K Item 2.01 is an asset acquisition/disposition completion, not a structural exit (no merger/take-private/delisting), so corporate_action=null.",28198557962,complete,1
2026-06-25,CAH,Yellow,0,0,0,0,0,1,0,0,0,"Core accounting families (accruals/revenue/capex/balance_sheet/leverage) have unavailable coverage — no statements/ratios fetched, so no flag fired from absent data. Governance fired SOFT: multiple Item 5.02 management-change 8-Ks over the period (routine churn, not 6a). No Item 4.02, restatement, auditor disagreement, or NT filing — critical_governance false. Market: insider clusters empty, no fire. Sector (hc_services distributor): $675M GMPD goodwill impairment and active physician MSO roll-up (GI Alliance) are notable, but goodwill-as-%-of-assets and same-store data unavailable, so Family 5 not fired on absent data; receivables sales facility noted but not newly disclosed/expanded materially.",28198557962,complete,1
2026-06-25,CCRN,Yellow,0,0,0,0,0,1,0,0,0,"governance=1 (soft): repeated Item 5.02 officer changes constitute everyday churn, not an integrity event — no 8-K 4.02, no restatement, no auditor disagreement, no NT late filing, so critical_governance=false. Goodwill impairment disclosed for Q4 2025 but goodwill-to-total-assets ratio is unavailable, so neither general balance_sheet nor sector roll-up goodwill family can fire (goodwill % alone never fires; absent data is not a flag). Market coverage partial: Form 4 activity clustered around 12/22 and 4/2 appears to be merger-related grants/vesting, no qualifying insider-sale cluster flagged. Accruals/revenue/capex/leverage all unavailable with no present signal to fire them. Aya merger was terminated (fee received), so no live structural exit.",28198557962,complete,1
2026-06-29,AMN,Yellow,0,0,0,0,0,1,0,0,0,"governance=1 SOFT only: recurring Item 5.02 executive/board changes across 2024-2026 indicate management churn; no 8-K 4.02, no restatement, no auditor disagreement, no NT late filing, so NOT critical. No insider sale clusters (market clean). Sector family NOT fired: a $109.5M goodwill impairment was recorded (a valid corroborator) but goodwill/total-assets ratio is unavailable, so the >50% (sector) / >40% (general) structural threshold cannot be confirmed — absence of the denominator means no flag per the 'absence is not a flag' rule and the no-double-count goodwill rule. All quantitative families uncomputable due to ratios/statements 404.",28400062840,complete,1
2026-06-29,AVAH,Yellow,0,0,0,0,0,1,0,0,0,"governance=1 SOFT: repeated 8-K Item 5.02 management/board changes (Nov 2025, Feb 2026) indicate executive turnover; counts as one contributing family, not auto-Red. No 8-K Item 4.02, no restatement, no auditor disagreement, no NT filing — critical governance not triggered. Sector: goodwill+intangibles ~60% of total assets exceeds the 50% structural threshold but NO corroborator (no impairment — explicitly none in FY24/FY25, no disclosed negative same-store growth, no leverage figure available, no contingent-consideration EBITDA boost) so Family 5 does not fire; goodwill % alone never fires. Market coverage partial: recent Form 4 activity present but no insider cluster (3+ sellers >25% holdings) flagged. accruals/revenue/capex/balance_sheet/leverage all unavailable — absence is not a flag. Text not evaluated.",28400062840,complete,1
2026-06-29,CERT,Yellow,0,0,0,0,0,1,0,0,0,"governance=1 (soft): cluster of Item 5.02 leadership-change 8-Ks over the past ~18 months indicates repeated executive/board turnover; no 8-K Item 4.02, restatement, auditor-disagreement, or NT late-filing present, so not critical_governance. All accounting families (accruals, revenue, capex, balance_sheet, leverage) coverage=unavailable — no statements/ratios fetched, so no flag fired (absence is not a flag). Market coverage partial: Form 4 activity present but no insider-sale clusters identified — no fire. Text not_evaluated. Sector (hc_services/biosimulation software) coverage complete but no qualifying signals (no FCA/qui-tam, no goodwill corroborator, no roll-up organic-decline disclosure) — no fire.",28400062840,complete,1
2026-06-29,CHE,Yellow,0,0,0,0,0,0,0,0,0,"Governance (complete coverage): all 8-K items are routine — 2.02 earnings releases, 5.07 vote results, 5.02 officer/director changes, 2.01 completion of acquisition/disposition, 1.01/2.03 credit facility. No Item 4.02, no restatement, no auditor resignation/disagreement, no NT late filing. Critical governance = false; soft governance does not fire alone here. Market (partial): Form 4 activity present but the data shows no clustered insider sell signal (clusters empty); does not fire. Text not evaluated. Sector (complete): VITAS hospice is a sector-relevant subgroup but no bad-debt/contractual-allowance methodology change, no MLR/IBNR (not a payer), no new FCA/qui tam/CIA matter, no 340B issue disclosed in available note text; goodwill 43% of assets is below the 50% roll-up threshold and lacks a corroborator. No families fire.",28400062840,fetch_failed,1
2026-06-29,CI,Yellow,0,0,0,0,0,0,0,0,0,"Governance coverage complete: 8-K stream shows routine items (2.02 earnings, 5.07 votes, 7.01 reg-FD, several 5.02 officer/director changes, 1.01/2.03 debt). No Item 4.02, no restatement, no auditor resignation-with-disagreement, no NT late filing — critical governance does NOT fire; soft governance not elevated to a family flag absent repeat CFO turnover signal. Market partial: no insider clusters flagged; Form 4 dates present but no 3+ insider sell cluster >25% holdings, short interest unavailable — does not fire. Sector complete: goodwill 47% of assets is below the 50% roll-up threshold and lacks a corroborator (no impairment, no negative same-store, no >4x leverage shown); managed-care/PBM-specific signals (MLR, IBNR, risk-adjust, gross-vs-net, FCA) not present in fetched notes — does not fire. Accruals/revenue/capex/balance_sheet/leverage data unavailable; absence is not a flag.",28400062840,fetch_failed,1
2026-06-29,CLOV,Yellow,0,0,0,0,0,1,0,0,1,"sector: FIRED — managed-care/MA plan with a disclosed DOJ inquiry (Family 3 risk-adjustment / Family 9 FCA exposure). Note text confirms 'received an inquiry from the U.S. Department of Justice,' though described as previously disclosed (not fresh), so not treated as high-severity. governance: FIRED (soft) — recurring Item 5.02 officer/director changes across multiple filings indicate repeat turnover; no Item 4.02, restatement, NT filing, or auditor-disagreement, so NOT critical. market: not fired — Form 4 activity present but no insider clusters identified. Quantitative families (accruals/revenue/capex/balance_sheet/leverage) unavailable due to data fetch failures; absence is not a flag.",28400062840,complete,1
2026-06-30,CHE,DataGap,0,0,0,0,0,0,0,0,0,"Governance coverage complete: 8-K history shows only routine 5.02 officer changes, 2.02 earnings, 5.07 votes — no Item 4.02, restatement, auditor disagreement, or NT late filing, so no critical or soft governance flag. Market partial: no insider clusters (recent Form 4s but no 3+/30-day cluster >25% holdings), so no fire. Sector complete: goodwill ~43% of assets, below the 50% roll-up threshold and lacking any corroborator; no FCA/qui tam/340B/risk-adjustment issue surfaced in note excerpts. Text not_evaluated. Accruals/revenue/capex/balance_sheet/leverage all unavailable (REST endpoints 404) — no present signal to fire from absent data.",28473578151,fetch_failed,1
2026-06-30,CI,DataGap,0,0,0,0,0,0,0,0,0,"Governance coverage complete: 8-Ks show only routine items (5.02 officer changes, 2.02 earnings, 5.07 votes, 7.01/8.01, 1.01/2.03 financing). No Item 4.02, no restatement, no auditor resignation with disagreement, no NT late filing — neither critical nor soft governance combination fires. Market partial: insider Form 4 activity present but no clusters of 3+ selling >25% holdings within 30 days; no short-interest data — does not fire. Sector complete: Cigna is PBM/managed-care, not a roll-up subgroup; goodwill at 47% of assets is below the 50% roll-up threshold and lacks any corroborator (no impairment, no negative same-store, no contingent-consideration EBITDA boost, no >4x leverage shown). No DOJ/FCA/qui-tam disclosure surfaced in provided notes. Accruals/revenue/capex/balance_sheet/leverage all unavailable with no present signal that fires — absence is not a flag. Text not evaluated.",28473578151,fetch_failed,1
2026-06-30,CNC,Yellow,0,0,0,0,0,1,0,0,0,"governance=1 (soft): cluster of routine Item 5.02 officer/director changes (7 separate 5.02 8-Ks in trailing 12 months) indicates elevated management churn — contributes one family toward the combination count but is NOT critical (no 4.02, no restatement, no auditor disagreement, no NT filing). No critical governance event present. market=partial coverage: Form 4 activity present but insider.clusters empty (no 3+ insider sell cluster), so no fire. sector data marked complete but the only note bodies returned are boilerplate risk-factor/critical-estimate language — no disclosed new FCA/qui-tam, DOJ risk-adjustment expansion, reserve-release figures, or methodology change, so sector does not fire on present signals. accruals/revenue/capex/balance_sheet/leverage all unavailable (REST 404s) — absence is not a flag, so left 0. text not_evaluated.",28473578151,complete,1
2026-06-30,CON,Yellow,0,0,0,0,0,1,0,0,0,"governance=1 SOFT: recurring Item 5.02 leadership-change filings indicate repeated executive turnover following the 2024 Select Medical spin-off; no 8-K 4.02, restatement, auditor disagreement, or NT late filing present, so not critical. corporate_action: the detected Item 5.01 (2024-11-26) reflects the spin-off change-in-control completion, a structural event. No insider clustering (market partial, no fire). Sector notes are present but boilerplate (RAC/FCA standard language); goodwill not quantified and no corroborator, so sector does not fire. accruals/revenue/capex/balance_sheet/leverage data unavailable — absence not treated as a flag.",28473578151,complete,1
2026-06-30,COR,DataGap,0,0,0,0,0,0,0,0,0,"Governance coverage complete: multiple 8-K Item 5.02 events (2025-08 through 2026-06) reflect routine officer/director changes with no Item 4.02, restatement, auditor disagreement, or NT late filing — no critical governance trigger and no soft-governance combination strong enough to fire alone. Market partial: Form 4 activity present but no insider cluster (3+ insiders selling >25% within 30 days) detected. Sector (hc_services distributor) complete: no new generic-pricing/rebate investigation, no gross-vs-net reclassification, no channel inventory-day disclosure, and no FCA/qui-tam matter surfaced in fetched notes — sector family does not fire. Accruals/revenue/capex/balance_sheet/leverage all unavailable with no present signal clearly firing; absence is not a flag. Text not evaluated.",28473578151,fetch_failed,1
2026-06-30,CRL,Yellow,0,0,0,0,0,1,0,0,0,"governance=1 (soft): pattern of repeated Item 5.02 management/board changes through 2025-2026 constitutes soft governance churn — one family toward combination count, NOT critical. No 8-K Item 4.02, no restatement, no auditor disagreement, no NT late filing, so critical_governance=false. Insider Form 4 activity present but no clusters of 3+ sellers within 30 days, so market does not fire (coverage partial). Sector coverage complete but no bad-debt/risk-adjustment/FCA/340B/goodwill-corroborator signals present in the provided notes (CRL is a CRO/research-models name, not a roll-up failure mode), so sector=0. Accruals/revenue/capex/balance_sheet/leverage all unavailable — absence is not a flag.",28473578151,complete,1
2026-07-03,CHE,DataGap,0,0,0,0,0,0,0,0,0,"Financial-ratio coverage is unavailable/partial for accruals, revenue, capex, balance_sheet, leverage — no present signal fires any of them (absence != flag). Governance coverage complete: 8-K history is routine (2.02 earnings, 5.07 votes, and 5.02 officer items in 2023-2025) with no Item 4.02, restatement, auditor resignation-with-disagreement, or NT late filing — no critical governance; soft-governance 5.02 items are ordinary board/officer housekeeping and do not rise to firing the family alone. Market coverage partial: recent Form 4 activity present but no 3+ insider selling cluster. Sector (hc_services) complete: goodwill ~43% of assets, below the 50% roll-up threshold and with no corroborator (no impairment, negative same-store, contingent-consideration boost, or >4x leverage disclosed); no new FCA/qui-tam/CIA matter in fetched notes. corporate_action: 8-K Item 2.01 detected but appears to be a routine asset acquisition/disposition, not a merger/take-private/delisting, so left null.",28680837413,fetch_failed,1
2026-07-03,CI,DataGap,0,0,0,0,0,0,0,0,0,"No family fires. Governance coverage complete: 8-K history shows only routine items (2.02 earnings, 5.02 officer changes, 5.07 votes, 7.01/8.01 disclosures, 1.01/2.03 financing) — no Item 4.02, no restatement, no auditor resignation with disagreement, no NT late filing, so critical_governance=false and soft governance does not rise to a flag on its own. Sector (hc_services PBM/managed-care) coverage complete but no firing signal: goodwill 47% of assets is below the 50% roll-up threshold with no corroborator; no new DOJ/FCA/qui-tam, rebate-presentation change, IBNR/MLR, or reserve-release signal present in the data. Market partial: insider Form 4 activity present but no clusters of 3+ selling >25% and no short-interest data. Accruals/revenue/capex/balance_sheet/leverage all unavailable (REST 404s) with no present signal to fire them — absence is not a flag. Text not evaluated.",28680837413,fetch_failed,1
2026-07-03,COR,DataGap,0,0,0,0,0,0,0,0,0,"No family fires. Governance coverage complete: multiple 8-K Item 5.02 events are routine management/director changes with no Item 4.02, restatement, auditor disagreement, or NT late filing — not critical, and not enough to fire soft governance alone. Market coverage partial: recent Form 4 activity present but no insider selling clusters flagged. Accruals/revenue/capex/balance_sheet/leverage all unavailable (REST endpoints 404) — absence is not a flag, so all set 0. Sector coverage complete but no specific trigger (no new FCA/qui-tam, no gross-to-net reclassification, no channel inventory build disclosed) present in the notes. Text not evaluated.",28680837413,fetch_failed,1
2026-07-03,CVS,Yellow,0,0,0,0,0,1,0,0,0,"governance=1 (soft): multiple Item 5.02 officer/director change 8-Ks over the trailing 12+ months indicate leadership churn; no Item 4.02, no restatement, no auditor resignation-with-disagreement, no NT late filing, so NOT critical governance. Accruals/revenue/capex/balance_sheet/leverage coverage=unavailable (REST 404s) and no present signal fires them — absence is not a flag. market=partial: Form 4 activity present but no insider cluster (3+ sellers >25% within 30d) and no short-interest data. text=not_evaluated. sector=complete but no bad-debt, contractual-allowance, MLR/IBNR, roll-up goodwill, 340B, PBM gross-to-net, or FCA signal present in fetched data.",28680837413,complete,1
2026-07-03,CYH,Yellow,0,0,0,0,0,1,0,0,0,"Only governance (complete) and sector (complete) coverage present; core financial families unavailable due to REST 404 errors, so no accruals/revenue/capex/balance_sheet/leverage flags can be substantiated (absence is not a flag). Governance fires SOFT: repeated Item 5.02 executive/director changes across 2025-2026 constitute recurring turnover, but NO Item 4.02, NT late filing, restatement, or auditor-resignation-with-disagreement present — critical_governance=false. Sector goodwill/roll-up family cannot fire without financial corroborators despite goodwill note being present. Market partial with no insider clusters and no short data. Corporate action detected is Item 2.01 hospital divestitures — an ongoing asset-disposition program, not a merger/take-private/delisting structural exit, so corporate_action=null. high_severity=false (no revenue/inventory collapse or fresh FCA/qui-tam disclosed).",28680837413,complete,1
2026-07-03,DCGO,Yellow,0,0,0,0,0,1,0,0,0,"governance=1 SOFT: recurring Item 5.02 leadership transitions plus an Item 3.01 Nasdaq listing-deficiency notice. The 3.01 is a listing/structural matter (recorded as corporate_action), not a 6a critical event (no 4.02, restatement, auditor-disagreement resignation, or NT filing), so critical_governance=false. All accounting families (accruals/revenue/capex/balance_sheet/leverage) unavailable — no ratios or statements fetched, so no flags invented from absent data. Sector coverage complete but no bad-debt/reserve/FCA/goodwill corroborators present in provided notes. Market partial with no insider clusters. Text not evaluated. high_severity=false.",28680837413,complete,1
2026-07-08,CHE,Green,0,0,0,0,0,0,0,0,0,"No families fire. Accruals clean: CFO $388M exceeds NI $265M (CFO/NI ~1.46). Revenue quality clean: DSO ~26 days flat YoY, revenue growing ~4%. Capex/D&A ~1.15x, below 1.5x threshold. Balance sheet: goodwill ~43% of assets but no corroborator; inventory negligible; AR growth modest. Leverage: D/E 0.57, routine VIE analysis for Roto-Rooter independent contractors/franchisees is disclosed as ongoing policy, not new. Governance: 8-K history shows only routine 5.02 officer changes and 5.07 votes — no 4.02, restatement, auditor disagreement, or NT filing; no critical or soft governance fire. Market coverage partial, no insider clusters. Text not evaluated. Sector (hc_services hospice): goodwill below 50% roll-up threshold, no new FCA/qui tam/DOJ disclosure, no reserve/allowance red flags. The detected 8-K item 2.01 is completion of an acquisition (accounting event), not a structural exit, so corporate_action is null.",28921657615,complete,1
2026-07-08,CI,Green,0,0,0,0,0,0,0,0,0,"No family fires. Accruals clean: CFO/NI FY2025 = 9601/6288 = 1.53, prior year 2.74; no cash-conversion gap. Revenue: DSO ~38d vs ~36d prior, modest; revenue accelerating not decelerating; no single-family fire. Capex: no capex data (not evaluated). Balance sheet: goodwill 28.5% of total assets on the reported statement figure (well under 40% general threshold); AR/revenue growth ratio elevated but only annual data, no 2-quarter corroboration; inventory growth below revenue. Leverage high but structural, no supplier-finance/VIE/new factoring disclosed. Governance: only routine 5.02/5.07/2.02/7.01 items; no 4.02, no restatement, no auditor resignation, no NT filing — critical_governance false. Market: partial coverage, no insider clusters (clusters empty). Text: not_evaluated, no signal to fire. Sector (managed care/PBM): no new DOJ risk-adjustment investigation, no reserve-release, no gross-to-net reclassification, no FCA/qui-tam disclosed in provided notes; goodwill for a non-roll-up payer scored once and lacks corroborator.",28921657615,complete,1
2026-07-08,COR,Green,0,0,0,0,0,0,0,0,0,"No families fire. Accruals: CFO/NI ~2.5x, strong cash backing, no fire. Revenue: DSO ~28.6d vs 29.6d prior (declining), flat ~3.6% gross margin, no fire. Capex/D&A 1.33x (<1.5), no fire. Balance sheet: goodwill 17.9% of assets (<40%), inventory (+7.9%) and AR (+5.7%) both grew slower than revenue (+9.3%), no fire. Leverage: net-debt/EBITDA ~1.0x, debt rose for RCA deal but no new factoring/supplier-finance/VIE disclosure — no fire. Governance: multiple routine 5.02 filings, no 4.02/restatement/auditor disagreement/NT filing — critical governance false, soft not escalated. Market: partial coverage, no insider clusters. Text: not evaluated. Sector (distributor): inventory days ~24d flat YoY (not >5d rise), no gross-vs-net reclass, no new generics/rebate investigation disclosed — no fire. Corporate action detected is 8-K Item 2.01 (RCA acquisition completion), an accounting/structural inflow, not a non-accounting exit — reported null.",28921657615,complete,1
2026-07-08,DGX,Yellow,0,0,0,0,0,0,0,0,0,"No families fire. Accruals: CFO/NI ~1.8 (1886/1046), strong cash backing — no flag. Revenue: DSO declined 48.2→46.6 days while revenue grew — no flag. Capex: capex $527M < D&A $570M (ratio <1) — no flag. Balance sheet: goodwill scored under sector (no double-count for hc_services); AR growth (~8%) below revenue growth (~12%) — no flag. Leverage: net-debt/EBITDA 0.04x, VIE language is routine consolidation policy, no new supplier-finance/factoring — no flag. Governance: 8-K items are routine (2.02 earnings, 5.07 votes, 5.02 officer changes); no 4.02, restatement, auditor disagreement, or NT filing — no critical or soft flag. Market: partial coverage, no insider clusters — no flag. Text: not_evaluated, no signal to fire. Sector (labs): goodwill 55% >50% threshold but requires corroborator; leverage low, no impairment, no negative same-store disclosure, no new FCA/qui-tam/340B litigation in provided notes — no flag.",28921657615,complete,1
2026-07-08,DH,Yellow,0,0,0,0,0,1,0,0,0,"governance=1 (soft): recurring Item 5.02 officer/director turnover across multiple periods; contributes as one family. Not critical — the only Item 4.02 (2023-08-01) is >12 months old and there is no NT filing, restatement in latest 10-K, or auditor resignation-with-disagreement in the window. Accruals not fired: NI is negative all three years so the positive-NI CFO/NI test cannot trigger; CFO is positive and healthy (FCF margin +15.3%). Revenue not fired: DSO ~78.5d vs ~77d prior (flat), no DSO spike, no margin expansion. Capex not fired: capex/D&A ~0.47, well below 1.5x. Balance_sheet not fired: goodwill 27% of assets (<40%); impairments already taken. Leverage not fired: net-debt/EBITDA ~0, no new supplier finance/VIE/factoring disclosed. Market partial: insider Form 4 activity present but no 3+ insider selling cluster. Text not_evaluated. Sector (hc_services data/analytics, not a classic roll-up): goodwill 27% (<50% threshold), no same-store/organic corroborator available — does not fire. Item 3.01 delisting notice captured as corporate_action (structural exit risk), not an accounting flag.",28921657615,complete,1
2026-07-08,DOCS,Yellow,0,0,0,0,0,0,0,0,0,"No families fire. Accruals healthy: CFO/NI = 326.5M/196.1M = 1.66; CFO exceeds NI, no accrual concern. Revenue quality clean: DSO flat at ~82 days YoY (144.8M AR/644.9M rev vs 128.4M/570.4M), gross margin ~89% stable, revenue decelerating (13% vs 20%) but no receivables build. Capex negligible/zero, no capitalization games. Balance sheet: goodwill only 7.5% of assets, AR growth (12.8%) tracks revenue growth (13%). Leverage low (D/E 0.18, current ratio 6.1). Governance: 8-Ks show routine 2.02 earnings and multiple 5.02 officer/comp items but NO Item 4.02, restatement, auditor disagreement, or NT late-filing — no critical or clearly-firing soft governance. Market coverage partial, no insider clusters. Text not evaluated. Sector (hc_services): DOCS is a physician networking/marketing SaaS platform, not a provider/payer/roll-up; no bad-debt, MLR, 340B, or FCA signals present, goodwill well below thresholds.",28921657615,complete,1
2026-07-08,DVA,Green,0,0,0,0,0,0,0,0,0,"No families fire. Accruals: CFO/NI ~1.75, no gap. Revenue: DSO up only ~5.5% YoY, no deceleration; no fire. Capex/D&A ~0.8, below threshold. Balance sheet: AR (~1.9x) and inventory (~3x) growth exceed revenue growth but only annual data available (2+ quarter persistence unconfirmed); goodwill scored in sector family only (no double-count) and at 43% is below the general 40%... actually 43%>40% but no corroborator, so no fire. Leverage: negative equity from buybacks, no supplier-finance/factoring/VIE/refi-mix signal. Governance: 8-K history shows only routine 5.02/5.03/2.02/1.01+2.03 (debt) items — no Item 4.02, restatement, auditor disagreement, or NT filing; no fire (critical or soft). Market: partial coverage, no insider clusters, no short data; no fire. Text: not evaluated. Sector (dialysis roll-up): goodwill 43% < 50% sector threshold with no corroborator; no new FCA/qui-tam/CIA disclosure in notes; no fire.",28971708314,complete,1
2026-07-08,EHC,Yellow,0,0,0,0,0,0,0,0,0,"Accruals: CFO/NI strong (1175.6/759.1=1.55); no gap. Revenue: AR grew ~3.4% vs revenue +10.5%, DSO stable/declining, no fire. Capex: capex/D&A 2.25x with margin expansion technically borderline but benign (physical hospital/JV buildout), not fired. Balance sheet: goodwill 1317.6/7089.7=18.6%, far below 40% threshold; no inventory (not disclosed); no fire. Leverage: D/E 1.19, D/A 0.54; no supplier finance/factoring/VIE first-time disclosure; no fire. Governance: 8-Ks show only routine 5.02/5.07/2.02/7.01 and financing 1.01/2.03; NO Item 4.02, restatement, auditor resignation, or NT filing — not critical, not soft-firing. Market: partial coverage; Form 4 activity clustered on grant dates (5/11), no insider-sale clusters flagged. Text: not_evaluated, no signal to fire. Sector (inpatient rehab): goodwill low, no roll-up profile, no new DOJ/FCA/qui-tam matter, no bad-debt methodology change disclosed; no fire.",28971708314,complete,1
2026-07-08,ELV,Green,0,0,0,0,0,0,0,0,0,"No families fire. Accruals: FY25 CFO/NI 0.758 (<0.8) but dollar gap ~$1.37B = 0.7% of revenue, below 3% floor, and no 2-yr persistence (FY24 CFO/NI ~0.97) — suppressed. Revenue: growth accelerating (12.5% vs 3.3%), no AR/DSO signal available to fire. Capex: declining, no D&A ratio trigger. Balance sheet: goodwill ~23% of assets, no bloat. Leverage: D/E 1.76, no new factoring/VIE/supplier-finance disclosure. Governance: 8-K 5.02 officer-change items are routine churn (6b), no 4.02/restatement/auditor-disagreement/NT filing — critical governance false. Market: partial coverage, no insider clusters. Text: not evaluated, no signal. Sector (managed care): no new DOJ risk-adjustment investigation, reserve-release smoothing, or IBNR under-reserving evidenced in data.",28971708314,complete,1
2026-07-08,ENSG,Green,0,0,0,0,0,0,0,0,0,"No families fire. Accruals: CFO/NI 2025 = 564.3M/344.3M = 1.64 (healthy, cash-backed earnings). Revenue: DSO declined from ~49.1 to ~46.2 days YoY while revenue grew 18.8%; AR grew ~11.8% (slower than revenue) — no revenue-quality flag. Capex: no aggressive capitalization signal. Balance sheet: goodwill only ~1.8% of total assets, inventory not applicable to SNF operator, AR growth below revenue growth. Leverage: net-debt/EBITDA negative (net cash); no supplier finance/factoring/new VIE disclosed. Governance: routine 8-K Item 5.02 officer/director items and recurring 2.02 earnings releases — no Item 4.02, restatement, auditor resignation, or NT filing; not fired. Market: no insider selling clusters (partial coverage). Text: not_evaluated — no going-concern or control language present to fire on. Sector (post-acute/SNF): no new FCA/qui tam, DOJ, CIA, or settlement accrual disclosed in provided notes; goodwill roll-up threshold not met. No corroborators present across any family.",28971708314,complete,1
2026-07-08,EVH,Green,0,0,0,0,0,1,0,0,0,"governance=1 SOFT: repeated Item 5.02 executive/leadership changes throughout 2025; no 8-K 4.02, restatement, auditor disagreement, or NT filing present, so critical_governance=false. Accruals: NI negative both years, materiality/positive-NI conditions not met -> 0. Revenue: DSO ~flat, no deferred-revenue or margin-expansion trigger despite 27% revenue decline -> 0. Balance_sheet & sector goodwill: goodwill ~36.6% of assets, below 40% general / 50% sector thresholds even though a ~$443M impairment occurred, so neither fires (no double-count). Leverage: high but no new supplier-finance/factoring/VIE and short-term debt fell -> 0. Market: partial coverage, no insider cluster flagged -> 0. Text: not_evaluated, no signal -> 0. Corporate action Item 2.01 detected (acquisition/disposition of assets).",28971708314,complete,1
2026-07-08,FTRE,Yellow,0,0,0,0,0,1,0,0,0,"governance=1 SOFT: recurring Item 5.02 management/board turnover across 2024-2026; no Item 4.02, restatement, NT filing, or auditor disagreement, so critical_governance=false. Accruals: NI negative (impairment-driven, non-cash), positive-NI trigger n/a; not fired. Revenue: no AR to compute DSO; deferred revenue rising while revenue flat; not fired. Capex/D&A=0.32; not fired. Balance_sheet: goodwill ~35% of assets (<40%) despite large impairment; not fired. Leverage: no supplier finance/VIE/factoring; ST debt falling not rising; not fired. Market: partial coverage, no insider clusters. Text: not_evaluated. Sector: CRO, not a roll-up subgroup; goodwill <50%; no DOJ/FCA/340B disclosures; not fired. Corporate action is the 2023 Labcorp spin (Item 5.01), historical rather than a pending exit.",28971708314,complete,1
2026-07-09,GDRX,Red,0,1,0,1,0,1,0,0,0,"revenue: DSO rose ~67d→108d (+61%) with flat revenue → fires on >25% single-year DSO rule plus deceleration. balance_sheet: AR +62% vs flat revenue = receivables bloat; goodwill 30.6% of assets (below 40% threshold, no double-count issue). governance (soft): 4.01 auditor change without disclosed disagreement + repeated 5.02 exec churn → one family toward combination, NOT critical. accruals: CFO/NI ~5.5 (>0.8), no accrual quality problem despite AR build. leverage: net-debt/EBITDA 1.3x, VIEs immaterial, no new supplier finance. market: partial coverage, no insider clusters. text: not evaluated. sector: not a roll-up, goodwill <50%, no FCA/DOJ disclosures.",29047135509,complete,1
2026-07-09,HCAT,Yellow,0,0,0,0,0,1,0,0,0,"governance=1 SOFT: cluster of Item 5.02 executive-officer changes over the trailing 12 months indicates repeated management turnover (contributing family, not auto-Red). No 8-K 4.02, restatement, auditor resignation, or NT filing present, so critical_governance=false. Accruals family does not fire — company reports persistent NET LOSSES (NI negative all three years), so the CFO/NI positive-NI trigger and materiality-gap corroborators do not apply. Revenue flat, no DSO/deferred-revenue signal fires. Capex ($0.97M) far below D&A ($15M), no capitalization flag. Balance_sheet: goodwill $259.8M/total assets $858.9M ≈30%, below the 40% general threshold, so no fire (and no inventory/AR bloat data). Leverage: no supplier-finance/factoring/VIE disclosures; ST>LT debt noted but insufficient alone. Market: partial coverage, no insider clusters. Text: not_evaluated. Sector: HCAT is a healthcare analytics/IT company, not a physician/dental roll-up; goodwill ~30% is below the 50% sector threshold and no negative same-store or contingent-consideration corroborator present, so sector goodwill family does not fire despite the recorded impairment.",29047135509,complete,1
2026-07-09,HCSG,Yellow,0,0,0,0,0,0,0,0,0,"No families fired. Accruals: 2025 CFO/NI = 144.97M/59.06M = 2.45 (strong cash backing); 2024 CFO/NI 0.78 but not persistent, no working-capital build (AR actually fell). Revenue: DSO improved from ~70.4 days (2024) to ~55.9 days (2025), revenue growing ~7%, no fire. Capex: tiny capex ($5.8M) vs D&A $16.8M, capex/D&A <1, no aggressive capitalization. Balance sheet: goodwill only $79.8M / $794.3M = 10% of assets; AR declined YoY. Leverage: funded debt/EBITDA 0.15x, no revolver borrowings, no new factoring/VIE/supplier-finance disclosed. Governance: 8-K history shows only routine 2.02 earnings, 5.07 votes, and old 5.02 items; no 4.02, no restatement, no NT filing, no auditor disagreement in last 12 months. Market: coverage partial, no insider selling clusters flagged (Form 4 activity appears routine/grant-related). Text: not evaluated (no risk-factor diff data). Sector: HCSG is a facility-services provider (housekeeping/laundry/dietary to nursing homes), not a payer/PBM/roll-up; goodwill low, no DOJ/FCA/qui-tam disclosures, no 340B or risk-adjustment exposure.",29047135509,complete,1
2026-07-09,HIMS,Green,0,0,0,0,0,0,0,0,0,"No family fires. Accruals clean (CFO/NI = 300/128 ≈ 2.3, no cash-backing gap). Revenue growing +59% with inventory (+24%) and goodwill within limits; deferred revenue rising not shrinking. Goodwill only ~12.9% of assets — well below the 40%/50% thresholds, so neither balance_sheet nor sector Family 5 fires. Leverage is high but no supplier-finance/factoring/VIE/ST-LT-shift disclosure to trigger the combination rule. Governance: only routine 5.02 changes, no 4.02/restatement/auditor-disagreement/NT filing — critical_governance false. Market coverage partial; Form 4 activity clustered around mid-June appears to be routine grants (no flagged cluster). Text not evaluated — absence, not a flag. Sector: no DOJ/FCA, no same-store decline data, roll-up goodwill below threshold.",29047135509,complete,1
2026-07-09,HNGE,Yellow,0,0,0,0,0,0,0,0,0,"No families fire. Accruals: NI negative so positive-NI accrual rule N/A; CFO strongly positive. Revenue: DSO ~41d vs ~40d prior, flat; AR (+55%) roughly tracks revenue (+50%), no fire. Capex: minimal capex vs D&A, no fire. Balance sheet: goodwill only ~8.6% of assets; inventory +43% below revenue +50%; no fire. Leverage: D/E 2.05 but no supplier finance/factoring/VIE disclosed. Governance: only routine 8-K items (5.02, 5.03, 5.07, 2.02, 7.01) — no 4.02/restatement/auditor issue/NT filing; no critical or clearly-firing soft governance. Market: partial coverage, no insider clusters flagged. Text: not evaluated. Sector: no DOJ/FCA, low goodwill, subscription revenue under ASC 606 with normal disclosure — no fire.",29047135509,complete,1
2026-07-09,HUM,Green,0,0,0,0,0,0,0,0,0,"No family fires. Accruals: 2025 CFO/NI=0.77 (>0.5 threshold) and prior year=2.44, so not 2 consecutive years <0.8 and current not <0.5 — no fire despite CFO decline. Revenue: DSO fell (~205 vs ~223 days) with revenue growth, deferred revenue rising — no fire. Capex/D&A=0.78 <1.5 — no fire. Balance sheet: goodwill 19.8% of assets (<40%), AR growth below 1.5x revenue — no fire (and goodwill scored in sector for roll-ups). Leverage: net-debt/EBITDA 2.4x, ST debt declining to 0, only standard VIE (P.A.) consolidation — no fire. Governance: 8-Ks show only routine 5.02/7.01/2.02/1.01 items; no 4.01/4.02/NT/restatement — critical=false, no soft-governance fire established from data. Market: partial coverage, no insider clusters — no fire. Text: not_evaluated, no signal — no fire. Sector: no DOJ/risk-adjustment/IBNR/reserve-release language present in provided notes, goodwill <50% — no fire.",29047135509,complete,1
2026-07-10,IDXX,Yellow,0,0,0,0,0,0,0,0,0,"No families fired. Accruals: CFO ($1.18B) exceeds NI ($1.06B), CFO/NI >1, no accrual concern. Revenue: DSO ~46.8d vs 44.3d prior (+5.6%, under 15% threshold); AR grew 16.6% vs revenue 10.4% (1.6x) but no 2+ quarter corroboration available. Capex/D&A 0.86x, no capitalization concern. Balance sheet: goodwill only 12% of assets, inventory declining. Leverage: net-debt/EBITDA 0.18x, very low. Governance: 8-K activity is routine (2.02 earnings, 5.07 votes, 5.03 bylaws, 5.02 director/officer changes) — no Item 4.02, restatement, auditor disagreement, or NT filing. Market: partial coverage, no insider clusters flagged. Text: not evaluated. Sector (lab services): no bad-debt/allowance manipulation, no FCA/qui tam/DOJ disclosure, goodwill not elevated.",29119682163,complete,1
2026-07-10,IQV,Yellow,0,0,0,1,0,0,0,0,0,"Only balance_sheet fired: goodwill 55% of total assets (>40%) AND corroborating elevated leverage net-debt/EBITDA 4.13x (>4x). IQVIA is a CRO/data-services name, not a hc_services physician/dental roll-up, so goodwill is scored under the general balance-sheet family (no sector double-count) and sector Family 5 does not apply. Accruals clear: CFO/NI ~1.95, strong cash backing. Capex/D&A 0.53 (no aggressive capitalization). Leverage family: high but no first-time supplier-finance/factoring/VIE disclosure; ST debt and LT debt both rose. Governance: multiple 5.02 items are routine officer/director changes, no 4.02/restatement/auditor-disagreement/NT filing — not critical, not fired. Market coverage partial with no insider clusters. Text not evaluated. No FCA/qui-tam or DOJ disclosure surfaced for sector.",29119682163,complete,1
2026-07-10,LFST,Yellow,0,0,0,0,0,0,0,0,0,"No family fires. Accruals: CFO $146M vs NI $9.7M gives high CFO/NI, no accrual concern. Revenue: AR fell from $131.8M to $95.7M while revenue rose ($1.25B->$1.42B), DSO declining — no revenue-quality flag. Capex $36M < D&A $55M, capex/D&A <1 — no capitalization flag. Balance sheet: goodwill high but hc_services roll-up goodwill is scored only in sector family (no double-count); no inventory, no AR bloat. Leverage: net-debt/EBITDA 0.22x, no factoring/VIE/supplier finance disclosed. Governance: multiple routine Item 5.02 events but no 4.02/4.01-with-disagreement/NT filing — no critical governance; insufficient specificity to fire soft governance. Market: partial coverage, no insider clusters. Text: not evaluated. Sector: goodwill 58.7% >50% but no corroborator (no impairment, low leverage, positive growth) so sector goodwill family does not fire; revenue note contains only standard audit/investigation estimate language, no new FCA/qui tam.",29119682163,complete,1
2026-07-10,LH,Yellow,0,0,0,0,0,0,0,0,0,"No families fired. Accruals healthy: CFO/NI ~1.87 (CFO 1640.5M vs NI 877.7M), no accrual gap. Revenue: DSO ~55 days flat YoY (54.5→55), revenue growing ~7%, no DSO spike. Capex/D&A ~0.64, well below 1.5x. Balance sheet: goodwill 6.79B/18.39B = 36.9% (below 40% general and 50% sector thresholds); AR growth 8.2% vs revenue 7.2%, not >1.5x. Leverage: net-debt/EBITDA 2.45x, no supplier finance/factoring/VIE disclosures. Governance: several routine 5.02 filings (officer/director changes) but no 8-K 4.02, no restatement, no NT filing, no auditor disagreement — no critical or clearly-corroborated soft governance flag. Market coverage partial, no insider clusters. Text not evaluated. Sector (labs): no bad-debt/allowance methodology change, no FCA/qui tam or new investigation disclosed in provided notes.",29119682163,complete,1
2026-07-10,MCK,Green,0,0,0,0,0,0,0,0,0,"No families fire. Accruals: CFO/NI ~1.2 (6155/5099), healthy cash backing. Revenue: DSO ~25d, declining YoY while revenue grows — no fire. Balance sheet: goodwill only ~14% of assets; inventory (+5%) and AR (+9%) both grew slower than revenue (+12%). Sector (distributor): inventory days fell from ~24.3 to ~22.7, no channel stuffing; no gross-vs-net change or new pricing/rebate investigation disclosed. Leverage: no new supplier-finance/VIE disclosure. Governance: 8-K 5.02 entries are routine director/officer items; no 4.02, restatement, auditor disagreement, or NT filing — not critical. Market: partial coverage, no insider clusters. Text: not evaluated.",29119682163,complete,1
2026-07-10,MD,Yellow,0,0,0,0,0,0,0,0,1,"Sector (hc_services Family 5) fires: goodwill ~56% of total assets AND a goodwill impairment ($150.6M) recorded in the record. Per no-double-count rule, goodwill is scored only in sector, so general balance_sheet does not fire on it. Accruals clean (CFO $275M > NI $165M, CFO/NI >1). Revenue quality clean — DSO declined (~47→44 days) with revenue also declining, no channel/backlog signal. Capex not elevated. Leverage: D/E 1.6, no new supplier-finance/factoring/VIE disclosed. Governance: many 5.02 exec-change 8-Ks but no 4.02/restatement/auditor disagreement/NT filing — not critical, and routine churn does not clearly fire soft governance. Market partial, no insider clusters. Text not evaluated. Corporate_action detected code is an old (2020) 2.01 completion, not a current structural exit.",29119682163,complete,1
2026-07-13,MDLN,Yellow,0,0,0,0,0,0,0,0,0,"No family fires. Accruals clean: CFO/NI = 1.5 (1744/1159), no gap. Revenue: AR growth 9.7% < revenue growth 11.5%, DSO stable (~45d), no acceleration. Capex/D&A = 0.44, no over-capitalization. Balance sheet: goodwill 21% of assets (<40%), inventory +7% vs revenue +11.5%, no bloat. Leverage: net-debt/EBITDA 3.3x, no supplier-finance/factoring/VIE first-time disclosure. Governance: 8-K items 5.02/5.03/5.07/1.01/2.03/2.02 are routine post-IPO housekeeping — no Item 4.02, restatement, auditor-disagreement, or NT filing; not critical. Market: partial coverage, no insider clusters flagged (Form 4 activity looks like routine post-IPO grants/sales, no 3+ cluster >25% holdings). Text: not evaluated, no signal to fire. Sector (distributor): inventory days declined ~88→83 (no channel stuffing >5d rise), goodwill 21% (<50% roll-up threshold), no new DOJ/FCA/generic-pricing matter disclosed, no gross-vs-net reclassification.",29280438001,complete,1
2026-07-13,MEDP,Yellow,0,0,0,0,0,0,0,0,0,"No families fire. Accruals clean: CFO 713.2M vs NI 451.1M (CFO/NI 1.58), FCF margin 26.9%. Revenue: DSO ~58d vs ~51d (+13%, below 15/25% thresholds) and revenue growth is accelerating (20% vs 12%), so revenue family does not fire. Capex/D&A ~1.15x, below 1.5x. Balance sheet: AR outpaces revenue but only annual data available (cannot confirm 2+ quarters) and goodwill 33.5% below 40% with no corroborator; not fired. Leverage high but no hidden-leverage triggers. Governance: 8-K activity is routine (5.02 officer/director, 5.03 bylaws, 5.07 votes, 2.02 earnings) — no 4.02/restatement/auditor disagreement/NT filing; not fired. Market coverage partial with no insider clusters flagged. Text not evaluated. Sector (CRO/hc_services): no bad-debt, DOJ/FCA, or roll-up goodwill (>50%) signals present.",29280438001,complete,1
2026-07-13,MOH,Green,0,0,0,0,0,0,0,0,0,"No family fires under the rubric. Accruals: current-year CFO/NI is negative (<0.5) with positive NI, but the NI−CFO gap of ~$1.0B is ~2.2% of $45.4B revenue, below the >3% materiality floor required to fire (managed-care CFO volatility from government receivable/payable timing), so suppressed. Revenue: DSO ~28 days, down YoY (29.6→28.4); gross margin contracting not expanding — no fire. Capex: capex $101M vs D&A $195M (ratio <1) — no fire. Balance sheet: AR growth (~7%) below revenue growth (~12%); no inventory (payer) — no fire. Leverage: no new VIE, supplier finance, or factoring disclosed; net-debt/EBITDA negative — no fire. Governance: no 8-K 4.02/4.01, no restatement, no NT filing; Item 5.02 events lack disclosed detail to confirm even soft-governance trigger — not fired, no critical marker. Market: partial coverage, no insider clusters — no fire. Text: not evaluated. Sector (managed care): margin/NI deterioration reflects MLR pressure but no disclosed reserve-release smoothing, DOJ/risk-adjustment investigation, or IBNR under-reserving evidence — no fire.",29280438001,complete,1
2026-07-13,OMDA,Yellow,0,0,0,0,0,0,0,0,0,"No families fired. Accruals: NI negative both 2024/2025 so CFO/NI test N/A; CFO turned strongly positive (+$18.3M) vs NI -$12.8M in 2025 — improving cash backing, not an accrual problem. Revenue: revenue +53% YoY while AR +48% (slower) and DSO fell ~48d from ~50d — no receivables bloat. Capex trivial ($1.3M) vs D&A $5.5M. Balance sheet: goodwill only 4.3% of assets, inventory minimal. Leverage: LT debt zero (down from $29.8M), current ratio 3.6, no factoring/VIE/supplier-finance disclosed. Governance: 8-Ks are routine 2.02 earnings, 5.07 vote results, 5.03 bylaws — no 4.02/restatement/auditor disagreement/NT filing. Market: partial coverage; Form 4 volume high but no qualifying 3+ insider sale cluster >25% holdings and no short-interest data. Text: not evaluated, no signal to fire. Sector: not a roll-up (low goodwill), no DOJ/FCA/340B/reserve-release disclosures present.",29280438001,complete,1
2026-07-13,OPCH,Green,0,0,0,0,0,0,0,0,0,"No families fire. Accruals clean: CFO/NI = 258.4/207.6 = 1.24 in FY25, positive across years. Revenue: DSO ~30.6 days vs ~29.9 prior, no material rise; gross margin roughly flat (~19.3% vs 20.3%). Capex/D&A ~0.6x, no aggressive capitalization. Balance sheet: inventory up ~21% vs rev ~13% (~1.6x) but only annual data, AR ~15.6% not >1.5x rev; goodwill 46.5% of assets scored in sector family per no-double-count rule. Leverage: net-debt/EBITDA 2.3x, standard credit agreement/refi 8-Ks, no supplier-finance/factoring/VIE first-time or expanded disclosure. Governance: routine 5.02 exec-change and 5.07 vote items; no 8-K 4.02, no restatement, no auditor disagreement, no NT filing — critical_governance false. Market: partial coverage, insider Form 4 activity present but no clusters flagged. Text: not_evaluated. Sector (hc_services home-infusion): goodwill below 50% threshold and no corroborator; no FCA/qui-tam/DOJ or 340B or bad-debt-methodology change disclosed in notes.",29280438001,complete,1
2026-07-13,OSCR,Green,0,0,0,0,0,0,0,0,0,"No family fires. Accruals: NI negative in FY2025 (CFO/NI n/a); FY2024 CFO/NI >30x — no accrual problem. Revenue: DSO/margin ratios unreliable due to apparent premium-presentation artifact in revenue field; no genuine corroborated signal. Capex/D&A ~1.26x, below 1.5x threshold — no fire. Balance sheet: insurer, no inventory; goodwill not shown as material — no fire. Leverage: no first-time/expanded supplier finance, factoring, or new VIE disclosed; ST/LT mix shift not evidenced — no fire. Governance: no 8-K 4.02, no restatement, no NT filing, no auditor resignation-with-disagreement — critical governance FALSE; repeated Item 5.02 filings noted but no confirmed repeat CFO/AC-chair turnover, below soft-governance fire. Market: partial coverage, no insider clusters — no fire. Text: not evaluated — no fire (absence not a flag). Sector (managed care): risk-adjustment estimation and reinsurance disclosed as routine policy; no reserve-release, MLR, IBNR, or DOJ data corroborating a fire. high_severity FALSE; corporate_action null.",29280438001,complete,1
2026-07-14,KRC,Yellow,0,0,0,0,0,0,0,0,0,"No family fires. Coverage: accruals/revenue/capex/balance_sheet/leverage/governance/sector complete, market partial, text not_evaluated. Accruals: CFO/NI ~1.87, no gap — clear. Revenue metrics distorted by a $19M revenue artifact for a large REIT; not fired on unreliable denominator. Leverage benign (D/E 0.94). Governance: 8-Ks include several 5.02 officer/director items but NO Item 4.02, no restatement, no auditor resignation, no NT filing — critical_governance=false; soft-governance not escalated to a flag as no clear repeat CFO/audit-chair turnover pattern established. Market: no insider clusters (Form 4 dates are routine 7/10 grant/vesting batch), partial coverage — no fire. Text: not evaluated, absence not a flag. Sector: company is a REIT, not hc_services; hc_services families inapplicable, none fire.",29363376719,complete,1
2026-07-14,PACS,Red,0,0,0,0,0,1,0,0,0,"governance=1 CRITICAL: 8-K Item 4.02 (non-reliance/restatement in progress) dated 2025-06-16 is present in the data — automatic Red, blocks Green. Corroborating soft governance: repeated 5.02 officer changes. Accruals not fired (CFO/NI 2.1x, healthy cash backing). Revenue not fired (AR declined 641M->628M while revenue grew 4.09B->5.29B, DSO falling). Balance_sheet/sector goodwill not fired — goodwill only ~68M, far below thresholds; inventory not disclosed. Leverage elevated but no supplier-finance/VIE/ST-LT-shift trigger present. Market partial, no insider clusters. Text not_evaluated. Corporate action: Item 3.01 delisting/deficiency notice noted separately.",29363376719,complete,1
2026-07-14,WAY,Yellow,0,0,0,0,0,0,0,0,0,"No families fire. Accruals: CFO/NI = 2.76 (309.7M/112.1M), healthy cash backing, no fire. Revenue: rev +16.5%, DSO ~59d vs 56d (+4.6%, below 15% threshold), deferred revenue rose 10.5M→67.9M (building not consuming backlog); no fire. Capex/D&A = 0.19, no fire. Balance sheet: goodwill 69% of assets but goodwill% alone never fires and no corroborator; AR growth 21.9% vs rev 16.5% not >1.5x. Leverage: pre-existing receivables facility, net-debt/EBITDA 3.62x, no first-time/expanded program; no fire. Governance: no 8-K 4.02/restatement/auditor disagreement/NT filing; routine 5.02 churn only — not critical, not enough for soft-governance flag alone. Market: partial coverage, no insider clusters detected. Text: not evaluated. Sector (hc_services): goodwill >50% but corroborators absent (leverage <4x, no impairment, no negative same-store), no new DOJ/FCA/qui tam disclosed.",29363376719,complete,1
2026-07-14,AAPL,Green,0,0,0,0,0,0,0,0,0,"No families fire. Accruals: CFO/NI = 0.995 (111.5B CFO vs 112.0B NI), no gap. Revenue: DSO 34.9d vs 31.2d (+12%, below 15%), revenue accelerating (+6.4% vs +2.0%), gross margin +70bps — no fire. Capex/D&A = 1.09 (below 1.5). Balance sheet: inventory declined, goodwill negligible, AR growth notable but no 2-quarter data. Leverage: high D/E is buyback-driven equity depletion, net-debt/EBITDA 0.38x, no new supplier finance/VIE. Governance: only routine 2.02 earnings, 5.07 votes, and 5.02 officer changes — no 4.02/4.01/NT/restatement. Market: partial coverage, no insider clusters. Text: not evaluated. Sector: not applicable.",29363376719,complete,1
2026-07-14,ADI,Yellow,0,0,0,0,0,0,0,0,0,"No families fire. Accruals: CFO/NI ~2.1x (4,812/2,267), strongly cash-backed, no flag. Revenue: AR up 7.5% vs revenue up ~17%, DSO declining, no flag. Capex/D&A ~1.3x, below 1.5 threshold, no flag. Balance sheet: goodwill 56% of assets exceeds 40% but no corroborator (no impairment, leverage 1.69x net-debt/EBITDA, positive growth) — does not fire. Leverage: no new supplier finance/factoring/VIE disclosures, net-debt/EBITDA 1.69x, no flag. Governance: 8-K activity is routine (2.02 earnings, 5.07 votes, 5.02 officer/director changes) — no 4.02, restatement, auditor disagreement, or NT late filing; no critical or clear soft governance trigger. Market: no insider clusters (coverage partial). Text: not evaluated. Sector: not applicable.",29363376719,complete,1
2026-07-14,ADSK,Yellow,0,0,0,0,0,0,0,0,0,"CFO/NI strong (2452/1124=2.18x), no accruals problem. Capex/D&A=0.22, no capitalization concern. Deferred revenue rising (3787→4406), gross margin stable at ~91%. No factoring/VIE/supplier-finance disclosures. No 8-K 4.02, restatement, auditor-disagreement, or NT filing in last 12 months. Insider Form 4 activity present but no 3+ seller clusters. Text not evaluated; sector n/a. No family fires.",29363376719,complete,1
2026-07-15,AMZN,Yellow,0,0,0,0,0,0,0,0,0,"No families fire. Accruals: CFO 139.5B vs NI ~77.4B gives CFO/NI ~1.8x — strong cash backing, no fire. Revenue: DSO ~34.5d vs ~31.7d prior (~9% YoY, under 15% threshold) with revenue accelerating, no fire. Capex: Capex/D&A 2.0x >1.5x but represents genuine PP&E infrastructure spend (not capitalized software into intangibles) and no clear same-period margin expansion — no combination trigger. Balance sheet: goodwill only 2.8% of assets; AR growth exceeds 1.5x revenue growth on annual basis but lacks 2+ quarter corroboration — no fire. Leverage: net-debt/EBITDA -0.145x (net cash), no supplier-finance/VIE/factoring disclosures — no fire. Governance: only routine 8-Ks (2.02 earnings, 5.07 votes, 1.01/2.03 debt issuance, 7.01/8.01) — no 4.02, restatement, auditor issue, or NT filing — no fire, not critical. Market: partial coverage, no insider clusters flagged. Text: not evaluated — absence, no fire. Sector: not applicable.",29445641017,complete,1
2026-07-15,LLY,Yellow,0,0,0,0,0,0,0,0,0,"No families fire. Accruals: CFO/NI 2025 = 16813/20640 = 0.81, above the 0.8 and 0.5 floors; no fire. Revenue: DSO ~99.5d vs ~89.2d prior (~11.5% YoY, under 15%) and revenue accelerating; no fire. Capex: capex not provided, D&A only; not corroborated. Balance sheet: inventory grew faster than revenue but only annual data available (quarterly empty) so the 2+ consecutive quarter rule cannot be met; goodwill only 5.2% of assets; AR 1.36x revenue growth (under 1.5x); no fire. Leverage: short-term debt falling and long-term rising (opposite of refi-hiding), no new factoring/VIE; no fire. Governance: 8-Ks are routine 5.02 officer/director changes, 2.02 earnings, 5.07 votes, 8.01 — no Item 4.02, no restatement, no auditor disagreement, no NT filing; no critical or soft governance fire. Market: partial coverage, no insider clusters; no fire. Text: not_evaluated. Sector: not_applicable (pharma manufacturer, general rubric only).",29445641017,complete,1
2026-07-15,Q,Yellow,0,1,0,0,0,0,0,0,0,"revenue: FIRED — DSO +33% YoY (57→76 days), exceeds the 25% single-year threshold; AR ($992M) growing far faster than revenue. accruals: clear — CFO/NI = 1273/729 = 1.75, strong cash backing, no fire. capex: Capex/D&A = 1.69 (>1.5) but gross margin essentially flat (46.0%→46.2%), no margin-expansion corroborator, no fire. balance_sheet: goodwill 53% of assets but no corroborating signal (no impairment, leverage null, no negative organic growth); AR bloat notable but 2-quarter persistence unverifiable on annual-only data — not fired. leverage: item 2.03 new obligations tied to spin financing; no factoring/VIE/supplier-finance disclosure — no fire. governance: no 8-K 4.02, restatement, auditor disagreement, or NT filing; 5.02 churn and 5.01 change-of-control are spin-off housekeeping — no critical, not firing soft. market: partial coverage, no insider clusters. text: not_evaluated. sector: not_applicable.",29445641017,complete,1
2026-07-15,RPD,Yellow,0,0,0,0,0,0,0,0,0,"No families fire. Accruals clean (CFO/NI≈6.6, NI<CFO). Revenue growth ~1.9% with stable 70% gross margin and no DSO data; deferred revenue dip is immaterial and revenue is not accelerating. Capex negligible vs D&A. Goodwill 33%<40% with no corroborator. Leverage optics (D/E 10x) driven by convertibles, no hidden-leverage signal. Governance: only routine 5.02/2.02/5.07 8-Ks — no 4.02, restatement, auditor disagreement, or NT filing; repeated 5.02 noted but roles unspecified. Market partial, no insider clusters. Text not evaluated; sector n/a.",29445641017,complete,1
2026-07-15,TSLA,Yellow,0,0,0,0,0,0,0,0,0,"No families fired. Accruals: CFO/NI strongly positive (CFO $14.7B vs NI $3.8B, ratio ~3.9) — no accrual concern. Revenue: revenue flat-to-declining, no DSO acceleration or margin-expansion trigger. Capex/D&A 1.7x but margins declined, so no capitalization flag. Balance sheet: goodwill immaterial ($257M). Leverage: no supplier-finance/VIE/refi shift disclosed. Governance: 8-Ks are routine (2.02 earnings, 5.02 officer changes, 5.03 bylaws, 5.07 votes) — no 4.02/4.01/NT/restatement, so no critical or soft governance flag. Market: no insider selling clusters (partial coverage). Text: not evaluated — absence, not a flag. Sector: not applicable.",29445641017,complete,1
2026-07-15,U,Yellow,0,0,0,0,1,1,0,0,0,"leverage=1: convertible notes ($556M) moved to current portion, indicating short-term/refi risk in debt mix. governance=1 (soft): recurring 8-K Item 5.02 executive changes across periods = leadership churn, no 4.02/restatement/auditor disagreement/NT filing, so not critical. accruals=0: NI negative all years so CFO/NI positive-NI test inapplicable; CFO exceeds NI (benign). revenue=0: DSO up ~10% (<15%), gross margin change minor, deferred revenue rising. capex=0: capex ($19M) far below D&A ($461M). balance_sheet=0: goodwill 47% but no impairment/leverage corroborator; AR outpaces revenue but only annual data, cannot confirm 2+ quarters. market=partial, no insider clusters flagged. text=not_evaluated. sector=not_applicable.",29445641017,complete,1
2026-07-16,PNTG,Yellow,0,0,0,0,0,0,0,0,0,"No families fire. Accruals clean (CFO 48.3M > NI 33.8M, CFO/NI ~1.43). Revenue: DSO +11% and AR growth 51% vs rev 36% both below thresholds; revenue accelerating not decelerating. Capex/D&A ~1.4x, below 1.5x. Balance sheet: goodwill 24.5% of assets (<40%), AR growth below 1.5x rev growth; roll-up goodwill scored in sector family only. Leverage: new debt disclosed normally, no supplier finance/factoring/VIE. Governance: no 4.02, restatement, auditor disagreement, or NT filing; older 5.02 events are stale (2022-23) routine. Market coverage partial, no insider clusters. Text not evaluated. Sector (post-acute/home health roll-up): goodwill below 50% trigger, no negative same-store, no new FCA/qui tam or CIA matter disclosed. Corporate action detected is Item 2.01 acquisition completion (deal machine), not a structural exit.",29528910313,complete,1
2026-07-16,ALMR,Yellow,0,0,0,0,0,0,0,0,0,"No family fires. Financials fully unavailable (404s on all REST endpoints, no 10-K, empty statements) so accruals/revenue/capex/balance_sheet/leverage/sector cannot be evaluated and absence is not a flag. Governance coverage complete but shows only routine 8-K items (2.02, 5.03, 8.01) — no 6a critical events (no 4.02, restatement, auditor resignation-with-disagreement, or NT late filing). Market partial: Form 4 activity on 2026-04-20 but insider clusters empty and no short-interest data, no cluster-sale rule met. Text not evaluated. No corporate action disclosed.",29528910313,fetch_failed,1
2026-07-16,MMED,CorporateAction,0,0,0,0,0,0,0,0,0,"No family fires. Accruals: FY2026 NI -$317M is negative so the CFO/NI<0.5-with-positive-NI rule cannot fire despite negative CFO. Revenue: AR fell $570M→$200M while revenue grew 14%; DSO declining, no fire. Capex: capex/D&A = 223/156 = 1.43x (<1.5) and margins negative, no fire. Balance_sheet: goodwill ~50% of assets but medtech (non-rollup) requires a corroborator (impairment, negative organic, contingent-consideration, or net-debt/EBITDA>4x) — none present; inventory +10% vs revenue +14%, AR declining. Leverage: D/E 0.28, no supplier-finance/factoring/VIE disclosure. Governance: 8-Ks show routine 5.02 changes and item 2.01 separation — no 4.02, restatement, auditor resignation, or NT filing, so no critical governance; repeat management change plausibly soft but insufficient detail to fire. Market: partial coverage, no qualifying insider cluster or short-interest data. Text: not evaluated. Sector (medtech): no distributor sell-in/consignment build, no SSP change, no recall/warranty release, no FCPA inquiry disclosed — nothing fires. Corporate action: item 2.01 completion of separation/spin-off (structural, non-accounting).",29528910313,complete,1
2026-07-16,CRWD,Yellow,0,0,0,0,0,0,0,0,0,"No family fires. Accruals: NI negative so positive-NI CFO/NI rule inapplicable; CFO robustly positive, no accrual concern. Revenue: revenue decelerating (29%->22%) but DSO flat (~103-104 days), deferred revenue growing, gross margin stable ~75% — no combination. Capex: D&A not disclosed, no margin expansion (operating margin negative) — no fire. Balance sheet: AR growth (20.7%) below revenue growth (21.7%), goodwill only 12% of assets — no fire. Leverage: debt stable, no supplier finance/factoring/VIE disclosure — no fire. Governance: 8-K activity shows routine 5.02 exec changes, 5.03 bylaws, 5.07 votes, 2.02 earnings; no 4.02/restatement/auditor-disagreement/NT filing — no critical or soft fire triggered. Market: partial coverage, no insider clusters flagged. Text: not evaluated. Sector: not applicable.",29528910313,complete,1
2026-07-16,DBX,Yellow,0,0,0,0,0,1,0,0,0,"governance=1 (soft): recurring Item 5.02 officer-change 8-Ks suggest executive churn; no Item 4.02, restatement, auditor disagreement, or NT filing — not critical. Accruals clean (CFO/NI ~1.87, strong FCF margin 36.9%). Revenue quality clean (DSO ~11 days, flat revenue). Capex minimal vs D&A. Goodwill only ~16% of assets — no balance_sheet fire. Leverage shows negative equity but no supplier-finance/factoring/VIE or ST-for-LT shift, so not fired. Market partial with no insider clusters flagged. Text not evaluated. Sector n/a.",29528910313,complete,1
2026-07-16,FICO,Yellow,0,0,0,0,0,0,0,0,0,"No families fire. Accruals healthy: CFO/NI = 1.19 (778.8M/651.9M), CFO exceeds NI, no cash-conversion gap. Revenue: DSO ~90.6->97 days (+7%), below 15% threshold and revenue is accelerating not decelerating; gross margin stable ~82%. Capex negligible (capex/D&A <1). Balance sheet: goodwill 42% of assets but no corroborator (no impairment, leverage <4x, positive organic growth) — does not fire per goodwill-alone-never-fires rule. Leverage: negative book equity from buybacks; ST debt rose but so did LT debt, no factoring/VIE/supplier-finance disclosure. Governance: 8-K activity is routine — Item 2.02 earnings, 5.07 votes, 5.03 bylaws, 5.02 exec/board changes (routine, no disclosed disagreement); NO Item 4.02, no restatement, no auditor resignation, no NT filing. Market: partial coverage, no insider clusters flagged. Text: not evaluated. Sector: not applicable (not a roll-up).",29528910313,complete,1
2026-07-17,ALMR,DataGap,0,0,0,0,0,0,0,0,0,"No family fires. Financial data unavailable across accruals/revenue/capex/balance_sheet/leverage (REST endpoints 404, no annual/quarterly statements, no 10-K) — absence is not a flag. Governance coverage complete but only routine 8-K items (2.02, 5.03, 8.01); no 6a critical event. Market partial: Form 4s clustered on 2026-04-20 but no 3+ insider sell cluster >25% holdings and no short-interest data. Text not evaluated. Sector coverage marked complete but no medtech-specific signals present (no distributor, warranty, FCPA, or recall disclosures). Staleness: no_10k_found.",29608330378,fetch_failed,1
2026-07-17,MAIR,Yellow,0,0,0,0,0,1,0,0,0,"Only governance family fires, as SOFT (6b): repeated 8-K Item 5.02 officer/director changes. No critical 6a events (no Item 4.02, no restatement, no auditor resignation with disagreement, no NT late filing). Insider Form 4 activity present but no 3+ insider selling clusters, so market does not fire. All accounting families (accruals/revenue/capex/balance_sheet/leverage) have unavailable coverage — no financial statements or ratios (REST endpoints 404, no 10-K) — and no present signal fires them; absence is not a flag. Text not_evaluated. Sector not_applicable.",29608330378,complete,1
2026-07-17,MSFT,Yellow,0,0,0,0,0,0,0,0,0,"No families fired. Accruals clean: CFO 136.2B exceeds NI 101.8B (CFO/NI ~1.34). Revenue: DSO rose modestly ~90.6d vs 84.8d (+7%), well under 25% threshold, and revenue not decelerating. Capex elevated but no margin-expansion-plus-capitalization combo. Goodwill only ~19% of assets (<40%). Leverage: short-term debt fell to 0, no supplier-finance/VIE/factoring disclosures. Governance: 8-K 5.02 items are routine director/officer changes; no 4.02, restatement, auditor disagreement, or NT filing. Market coverage partial with no insider clusters. Text not_evaluated. Sector not_applicable.",29608330378,complete,1
2026-07-17,NFLX,Yellow,0,0,0,0,0,0,0,0,0,"No families fired. Accruals: CFO/NI 0.92, no gap. Revenue: growing with rising deferred revenue, no DSO signal. Capex/D&A elevated but denominator excludes content amortization (artifact) — not fired. Balance sheet: inventory/goodwill not disclosed/N-A. Leverage: net-debt/EBITDA 0.40x, ST debt falling, no factoring/VIE; WBD deal noted as context. Governance: repeated 5.02 items are routine officer changes (soft at most), no 6a critical trigger — not fired. Market: partial coverage, no insider clusters. Text: not evaluated. Sector: not applicable.",29608330378,complete,1
2026-07-17,NVDA,Yellow,0,0,0,0,0,0,0,0,0,"CFO/NI = 0.855 (>0.8) so accruals family does not fire; dollar gap immaterial relative to revenue. Revenue: DSO ~65 days flat YoY, revenue growth strong not decelerating, gross margin contracted (no unexplained expansion) — no fire. Capex/D&A 2.1x but no accompanying margin expansion, so capitalization family does not fire. Balance sheet: inventory grew faster than revenue but only annual data (rule requires 2+ quarters), AR roughly in line with revenue, goodwill ~10% of assets (<40%) — no fire. Leverage negative net-debt/EBITDA, no factoring/VIE/supplier-finance disclosures — no fire. Governance: only routine 5.02/5.07/2.02/8.01 items; no 4.02, restatement, auditor resignation with disagreement, or NT late filing — no critical or soft fire. Market coverage partial, no insider selling clusters. Text not evaluated. Sector N/A.",29608330378,complete,1
2026-07-17,TSM,Yellow,0,0,0,0,0,0,0,0,0,"No family fires. Governance coverage complete but contains only routine 6-K filings — no Item 4.02, restatement, auditor resignation, or NT late filing, so critical_governance=false. Market data partial: insider Form 4s present but zero clusters. All accounting families (accruals, revenue, capex, balance_sheet, leverage) are unavailable due to TSM being a foreign private issuer with no domestic financial statements fetched; absence is not a flag. Text not_evaluated, sector not_applicable. No corporate action.",29608330378,fetch_failed,1
2026-07-18,ALMR,DataGap,0,0,0,0,0,0,0,0,0,"No family fires. Governance coverage complete but only routine 8-K items (2.02, 5.03, 8.01) — no 6a critical events, no NT late filings, no restatement. Market coverage partial: Form 4 dates cluster on 2026-04-20 but appear to be registration-related (no reported 25%+ sales, no qualifying 3-insider open-market cluster). All accounting families (accruals/revenue/capex/balance_sheet/leverage) unavailable with no 10-K and no statement data — absence is not a flag. Text not evaluated. Sector coverage marked complete but no distributor/consignment/warranty/FCPA signals present in fetched data. Overall: insufficient financial data due to missing 10-K; no signals clearly fire.",29658237356,fetch_failed,1
2026-07-18,TSM,DataGap,0,0,0,0,0,0,0,0,0,"No families fire. TSM is a foreign private issuer: all 8-K entries are actually 6-K furnishings with no item codes, so no 8-K 4.01/4.02, no restatement, no NT filing — critical governance not triggered. Governance coverage 'complete' shows only routine 6-K churn (soft or none). Core accounting families (accruals/revenue/capex/balance_sheet/leverage) are all 'unavailable' with no present signal to fire on — absence is not a flag. Market coverage partial: Form 4 dates cluster on 2026-07-09 but insider.clusters is empty and no holdings-percentage or sale data provided, so the 3-insider/>25% rule cannot be confirmed. Text not evaluated; sector not applicable.",29658237356,fetch_failed,1
2026-07-18,UBER,Yellow,0,0,0,0,0,0,0,0,0,"No families fire. Accruals: CFO/NI ~1.0 (CFO 10,099M vs NI 10,093M) — clean cash backing. Revenue: DSO ~27 days, flat/declining YoY while revenue grew 18% — no receivables build. Capex/D&A ~0.47, no aggressive capitalization. Goodwill only ~14% of assets, well below 40% threshold; AR growth (14.8%) below revenue growth (18%). Leverage low (net-debt/EBITDA 0.54), no first-time supplier-finance/VIE disclosure. Governance: 8-K items are routine (2.02 earnings, 5.02 officer changes, 5.07 votes, 2.03 debt) — no Item 4.02, no restatement, no auditor disagreement, no NT late filings. Market coverage partial with no insider clusters. Text not evaluated. Sector not applicable.",29658237356,complete,1
2026-07-18,PAHC,Yellow,0,0,0,0,0,0,0,0,0,"No family fires. Accruals clean (CFO/NI 1.66, positive cash backing). Revenue: DSO ~61→64 days, no material deterioration. Capex/D&A 0.84x, no aggressive capitalization. Balance sheet: inventory/AR growth driven by completed acquisition (item 2.01), goodwill only 4.4% of assets — no corroborated bloat. Leverage high but no factoring/VIE/supplier-finance or ST/LT refi shift disclosed. Governance: no 4.02/restatement/auditor-disagreement; late filings are 2001-2005 (stale); routine 5.02 churn and BFI control are soft context only. Market coverage partial, no insider clusters. Text not evaluated. Sector: animal-health manufacturer, not a hc roll-up; no FCA/DOJ/340B/goodwill triggers. Corporate action detected is an inbound acquisition completion (item 2.01), not a structural exit, so corporate_action=null.",29658237356,complete,1
2026-07-18,PGNY,Yellow,0,0,0,0,0,0,0,0,0,"No families fire. Accruals strongly negative-risk: CFO $210M vastly exceeds NI $58.5M (CFO/NI ~3.6), no accrual concern. Revenue: DSO fell from ~73.6d (2024) to ~62d (2025) with AR declining — no fire. Capex/D&A elevated (3.7x) with modest margin expansion but absolute amounts immaterial; not fired. Balance sheet: goodwill only 2.7% of assets, AR down — no fire. Leverage: D/E 0.44, no factoring/VIE/supplier-finance disclosures. Governance: no 8-K 4.02, no restatement, no NT filings, no auditor disagreement; only routine 5.02/5.03 items — not fired. Market: coverage partial, no insider clusters flagged. Text: not evaluated, no signal to fire on. Sector (hc_services): Progyny is a fertility-benefits manager, not a roll-up; no DOJ/FCA/qui-tam, no goodwill or reserve issues — no sector family fires.",29658237356,complete,1
2026-07-18,PHR,Yellow,0,1,0,0,0,1,0,0,0,"revenue: DSO up ~16% YoY (64->74 days) AND revenue growth decelerating (18%->14.5%) — combination fires. accruals: NOT fired — CFO/NI strongly positive ($78.8M CFO vs $2.3M NI), no accrual quality problem. capex: NOT fired — capex/D&A <1. balance_sheet: NOT fired — goodwill ~26% of assets (<40%); AR bloat present annually but 2+ quarter corroboration unavailable, no impairment/leverage corroborator. leverage: NOT fired — new bridge loan is disclosed conventional debt, not supplier finance/factoring/VIE. governance(soft): 8-K 5.02 officer/director change, no 4.02/restatement/NT/auditor disagreement — soft marker only, not critical. market: partial coverage, no insider selling cluster detected. text: not evaluated. sector: goodwill ~26% (<50% roll-up threshold), no DOJ/FCA/qui-tam/bad-debt methodology change disclosed.",29658237356,complete,1
2026-07-19,ALMR,DataGap,0,0,0,0,0,0,0,0,0,"No family fires. Governance coverage complete but only benign 8-K items (2.02, 5.03, 8.01) present — no 6a critical event and no soft-governance signal (no auditor change, CFO turnover). No NT/late filings. Market coverage partial: Form 4 activity clustered on 2026-04-20 but no evidence of 3+ insiders selling >25% of holdings, so no fire. Sector coverage marked complete but no distributor/consignment/warranty/recall/FCPA signals present in the data. All accounting families (accruals, revenue, capex, balance_sheet, leverage) are unavailable with no present signals — absence is not a flag, so all set to 0. Text not evaluated.",29701022809,fetch_failed,1
2026-07-19,TSM,DataGap,0,0,0,0,0,0,0,0,0,"No family fires. TSM is a foreign private issuer filing 6-Ks; financial data unavailable (accruals/revenue/capex/balance_sheet/leverage all 'unavailable', text 'not_evaluated', sector 'not_applicable'). Governance coverage complete but no 8-K 4.02/restatement/auditor-disagreement/NT filing present, so critical_governance=false and no soft governance signal. Market partial: Form 4s present but no qualifying insider-sale cluster and no short-interest data, so market does not fire. Absence of data is not a flag.",29701022809,fetch_failed,1
2026-07-19,PRVA,Yellow,0,0,0,0,0,0,0,0,0,"No families fired. Accruals: CFO/NI strong (5.5x), no gap. Revenue: DSO ~68.9d vs 66.5d prior, minor; revenue accelerating but no deferred/GM anomaly. Capex: D&A immaterial, no capitalization concern. Balance sheet: AR growth (26.8%) not >1.5x revenue growth (22.2%); goodwill 15% of assets. Leverage: D/E 0.73, no supplier finance/VIE expansion beyond ASU evaluation. Governance: 8-K item codes routine (2.02 earnings, 5.07 votes, 5.02 exec changes) — no 4.02/restatement/auditor disagreement/NT filing, no critical marker. Market: partial coverage, no insider clusters. Text: not_evaluated, no signal to fire. Sector (hc_services roll-up): goodwill below 50% threshold, no negative same-store or contingent-consideration corroborator, no new FCA/qui tam disclosed.",29701022809,complete,1
2026-07-19,RDNT,Yellow,0,0,0,0,0,0,0,0,0,"No family fires. Accruals: CFO/NI ~17.5x, CFO ($298.8M) far exceeds NI ($17.0M); no reversal risk. Revenue: rev +11.5% YoY, AR +7.8% (slower than revenue), DSO stable; no fire. Capex: coverage complete but Capex/D&A not derivable to trigger; no fire. Balance sheet: goodwill 24% of assets (<40%), inventory not disclosed; no corroborator. Leverage: D/E 1.77 but no supplier-finance/factoring/VIE disclosed; recurring 2.03 debt filings are routine financings. Governance: only old NT filings (2005-2018, all >12 months); recent 5.02 items appear routine, no 4.02/restatement/auditor disagreement — critical_governance false. Market: partial coverage, no insider clusters (>25% sales) detected. Text: not evaluated — absence, no flag. Sector (hc_services roll-up): goodwill 24% of assets well below 50% threshold; no same-store decline, impairment, contingent-consideration boost, or FCA/DOJ disclosure present — no fire.",29701022809,complete,1
2026-07-19,SCI,Yellow,0,0,0,0,0,0,0,0,0,"No families fire. Accruals: CFO ($943M) exceeds NI ($543M), CFO/NI ~1.74 — no cash-backing concern. Revenue: DSO ~8.5 days (AR $100M on $4.3B revenue), stable; modest ~3% revenue growth. Capex/D&A ~1.77x but gross margin essentially flat (26.5% vs 26.4%), no margin-expansion corroborator, and spend is genuine funeral/cemetery real-estate construction. Balance sheet: goodwill only ~11.6% of total assets, well below thresholds; inventory tiny. Leverage: net-debt/EBITDA negative (-0.156); no supplier finance/factoring/VIE signals. Governance: all NT late filings are 2004-2008 (outside 12-month window); 8-K 5.02 entries are routine director/officer housekeeping; no Item 4.02, restatement, or auditor disagreement. Market: partial coverage, no insider selling clusters. Text: not evaluated — no signal to fire on absence. Sector (deathcare/not a roll-up): goodwill low, no FCA/qui-tam/DOJ or 340B/reserve disclosures present.",29701022809,complete,1
2026-07-19,SDGR,Yellow,0,0,0,0,0,1,0,0,0,"Governance fired as SOFT only: cluster of Item 5.02 filings indicating repeated officer/board changes; no Item 4.02, no restatement, no auditor disagreement, no NT late filings — critical_governance=false. Accruals family does not fire: 2025 NI is negative (-$103M), so positive-NI CFO/NI rules are not triggered; 2023 was the only positive-NI year. Revenue: DSO actually declined (AR dropped $235M->$83M) with revenue growth, no fire. Capex negligible. Goodwill $4.8M immaterial vs assets. Leverage D/E ~1.0 but no new supplier-finance/VIE/factoring disclosure. Market coverage partial; Form 4 activity concentrated around 2026-06-23 (likely annual-meeting grants), no qualifying sell clusters. Text not evaluated. Sector: SDGR is a computational drug-discovery/software firm, not an hc_services roll-up — sector families do not apply/fire.",29701022809,complete,1
2026-07-20,ALMR,DataGap,0,0,0,0,0,0,0,0,0,"No family fires. Coverage: accruals/revenue/capex/balance_sheet/leverage all 'unavailable' with no present signals — absence is not a flag. Governance 'complete' but only routine 8-K items (2.02, 5.03, 8.01); no 4.02, no restatement, no auditor disagreement, no NT filings — not critical, not soft. Market 'partial': recent Form 4 activity clustered 2026-04-20 but no evidence of 3+ insiders selling >25% of holdings, no short-interest data — does not fire. Text not evaluated. Sector 'complete' but no distributor/consignment/warranty/FCPA/recall signals present in the fetched data. This appears to be a newly public/recently registered entity with minimal filing history.",29774676291,fetch_failed,1
2026-07-20,TSM,DataGap,0,0,0,0,0,0,0,0,0,"No family fired. Governance coverage complete but shows only routine 6-K furnishings and no critical/soft governance events (no 4.02, no restatement, no auditor change with disagreement, no NT filing). Accruals/revenue/capex/balance_sheet/leverage all unavailable (foreign private issuer, no statements) — absence is not a flag. Market partial: Form 4s present but no cluster of 3+ insiders selling >25% each. Text not evaluated. Sector not applicable.",29774676291,fetch_failed,1
2026-07-20,SEM,CorporateAction,0,0,0,0,0,0,0,0,0,"No family fires. Accruals: partial coverage, no NI to apply CFO/NI floor; CFO decline alone insufficient. Revenue: partial, no revenue figures to test DSO/margin. Capex: capex/D&A ~1.6x but D&A fell and no disclosed margin expansion to corroborate — no fire. Balance_sheet: goodwill ~40% of assets; SEM is a post-acute roll-up so goodwill is scored only in the sector family (no double-count) and it is below the 50% sector threshold with no corroborator. Leverage: high but on-balance-sheet, no new supplier finance/factoring/VIE — no fire. Governance: repeated Item 5.02 filings are routine officer churn (6b), no 4.02/restatement/NT/auditor disagreement — not critical, not enough to fire soft alone. Market: 2026-07-01 Form 4 burst is transaction-related (change of control), not a 3+ insider open-market sell cluster. Text: not evaluated. Sector: goodwill below 50% threshold and no roll-up corroborator (negative same-store, impairment, contingent-consideration EBITDA boost). Corporate action detected: Item 5.01/3.01 indicate a take-private/merger structural exit.",29774676291,complete,1
2026-07-20,SGRY,Yellow,0,0,0,0,0,1,0,0,1,"governance=1 (soft): repeat Item 5.02 executive/board turnover across 2025; NT 10-K (2025-03-04) and auditor change 8-K 4.01 (2024-08-23) are both >12 months old so they do NOT trigger 6a critical governance. sector=1: hc_services roll-up with goodwill ~64% of total assets (>50% threshold) plus an elevated-leverage corroborator — operating income positive yet net loss driven by heavy interest on $1.1B+ debt suggests net-debt/EBITDA in the elevated zone; goodwill scored once here (not in balance_sheet) per no-double-count rule. accruals=0: CFO/NI=2.77, strong cash backing. revenue=0: DSO ~66 days, flat/declining. capex=0: capex/D&A ~0.45. balance_sheet=0: AR/inventory growth not >1.5x revenue and goodwill deferred to sector. leverage=0: no new factoring/VIE/supplier-finance disclosure. market partial (no clusters), text not_evaluated.",29774676291,complete,1
2026-07-20,SRTA,Red,1,1,0,1,0,1,0,0,0,"accruals: FIRED — CFO/NI deeply negative, gap ~$90M (>3% rev) with AR working-capital build corroborator; note NI likely inflated by one-time divestiture gain (context). revenue: FIRED — DSO +51% YoY exceeds 25% single-year rule. capex: not fired — Capex/D&A ~1.2x, margins negative, capex declining. balance_sheet: FIRED — AR growing ~3x faster than revenue (bloat); goodwill 27% below threshold. leverage: not fired — low D/E, routine ABL revolver, no factoring/VIE. governance: FIRED (soft) — repeated Item 5.02 management changes; auditor change 2024 with no disagreement; NT 10-Q is 2021 (outside 12mo), not critical. market: partial coverage, no insider clusters — not fired. text: not_evaluated — not fired. sector: not fired — air-medical logistics, goodwill 27% (<50%), no DOJ/FCA/bad-debt/roll-up corroborators.",29774676291,complete,1
2026-07-20,TALK,Yellow,0,0,0,0,0,0,0,0,0,"No families fired. Accruals: 2025 CFO/NI ~1.1x (CFO $8.5M vs NI ~$7.8M at 3.4% margin), no gap, no working-capital corroborator — clears the CFO/NI floor. Revenue: 2025 AR not disclosed, cannot compute DSO change; no fire on absent data. Capex: capex figures absent; D&A increase alone insufficient. Balance sheet: goodwill=0, no inventory; nothing to fire. Leverage: D/E 0.15, net debt/EBITDA n/a, low leverage, no factoring/VIE disclosed. Governance: only routine 5.02/5.07 item churn and old NT 10-Q (2021) and old 3.01 delisting notices (2022-23) — no 4.02/restatement/auditor-disagreement in last 12 months; no critical or soft trigger meeting threshold. Market: partial coverage, no insider clusters (Form 4 activity appears routine grants/vesting), no short data. Text: not evaluated. Sector (hc_services telehealth/behavioral): no goodwill, no risk-adjustment/IBNR/FCA/340B signals disclosed. Corporate-action detector noted an 8-K Item 2.01 but no clear structural exit (merger/take-private/delisting) in recent filings.",29774676291,complete,1
2026-07-21,ALMR,DataGap,0,0,0,0,0,0,0,0,0,"No family fires. Data coverage is unavailable for all quantitative families (no 10-K, no statements, no ratios; REST endpoints 404). Governance coverage complete: only routine 8-K items (2.02, 5.03, 8.01, 9.01) — no critical 6a event, so governance=0. Market partial: Form 4 dates cluster on 2026-04-20 but no sale amounts or 3+ insiders-selling->25% confirmation, so no fire. Text not evaluated. Sector coverage marked complete but no distributor/inventory/warranty/FCPA signals present to fire. Absence of data is not treated as a flag.",29863808520,fetch_failed,1
2026-07-21,TSM,DataGap,0,0,0,0,0,0,0,0,0,"No family fires. Governance coverage complete but shows only routine 6-K filings with no item codes, no NT late filings, no 4.02/restatement/auditor events — no critical or soft governance trigger. Market partial: insider Form 4 dates present but clusters=[] so market rule does not fire. Accruals/revenue/capex/balance_sheet/leverage all unavailable (foreign private issuer, no statements) — absence is not a flag. Text not_evaluated; sector not_applicable.",29863808520,fetch_failed,1
2026-07-21,TDOC,Yellow,0,0,0,0,0,1,0,0,0,"governance=1 (soft): multiple Item 5.02 officer/director changes over 2025-2026 signal repeated management turnover, counts as one soft-governance family; no critical 6a events (no 4.02, no restatement, no auditor disagreement, no NT filings). Accruals: N/A — NI negative with positive CFO, no accrual inflation. Revenue: DSO fell (~30.4d to ~27.8d), revenue roughly flat/declining, no fire. Capex: minimal vs D&A, no fire. Balance sheet: goodwill only ~10% of total assets (post-2024 impairment), inventory flat, AR declining — no fire. Leverage: THMG/Uplift VIEs are longstanding corporate-practice-of-medicine structures, not new; notes repaid at maturity; no fire. Market: partial coverage, no insider clusters. Text: not evaluated. Sector: goodwill <50% of assets so Family 5 does not fire; no new FCA/DOJ disclosures found.",29863808520,complete,1
2026-07-21,THC,Green,0,0,0,0,0,0,0,0,0,"No family fired. Accruals: 2025 CFO/NI=1.5 (CFO $3.54B > NI $2.37B), no cash-conversion gap; 2024 CFO/NI 0.5 was a single year and NI is now lower, no persistence/WC build. Revenue: DSO flat (~44d), no deceleration, no margin anomaly. Capex/D&A=1.17, below 1.5x. Balance sheet: goodwill 37.7% of assets (<40% general / <50% sector), inventory & AR flat vs revenue — no bloat; goodwill scored only in sector family to avoid double-count. Leverage: high D/E but no new supplier-finance/factoring/VIE disclosure. Governance: repeated 5.02 officer changes are routine 6b churn; no 4.02, no restatement, no auditor disagreement, no recent NT filing — critical_governance=false. Market: partial coverage, no insider clusters, no short-interest signal. Text: not_evaluated, no signal to fire. Sector: goodwill below 50% roll-up threshold with no negative same-store corroborator; no new DOJ/FCA/qui-tam disclosed, no bad-debt/methodology change. Corporate action: 8-K Item 2.01 detected is routine asset acquisition/disposition (hospital portfolio activity), not a structural exit — corporate_action=null.",29863808520,complete,1
2026-07-21,UHS,Red,0,0,1,1,1,0,0,0,0,"capex: capex/D&A ~1.64x for two consecutive years combined with operating/net margin expansion trips the mechanical rule; low conviction as hospital facility construction is a structural capex driver, not evident aggressive capitalization (no capitalized software note). balance_sheet: AR grew ~2x revenue growth in 2025 (annual only, quarterly not available); goodwill ~26% of assets does not fire. leverage: current/short-term debt rose sharply ($40M→$748M) while long-term debt declined, the general-rubric ST-rising/LT-falling refi-risk trigger; net-debt/EBITDA only 1.77x so overall leverage modest. accruals: CFO/NI ~1.23, no fire. revenue: DSO up ~9% (<15% threshold), no fire. governance: multiple routine 5.02 8-Ks but no 4.02/restatement/NT/auditor-disagreement — not critical, insufficient detail to fire soft governance. market: Form 4 activity appears grant-driven (no sale clusters flagged). text/sector: not fired; text not_evaluated, sector shows no bad-debt/DOJ/roll-up corroborators and goodwill below 50%.",29863808520,complete,1
2026-07-21,UNH,Yellow,0,0,0,0,0,1,0,0,0,"governance=1 (SOFT): elevated cadence of Item 5.02 officer/director-change 8-Ks through 2025-2026 indicates repeated management churn; no Item 4.02, no restatement, no auditor disagreement, and late filings are 2006-2007 (stale), so NOT critical governance. Accruals clear: CFO/NI=1.54 (2025), gap immaterial. Revenue clear: DSO fell ~19 to ~19 days, no channel/deferred issues. Capex/D&A=0.83, no over-capitalization. Balance sheet: goodwill 36-42% of assets, under threshold and no corroborator; hc_services roll-up goodwill scored only in sector to avoid double-count. Leverage net-debt/EBITDA=2.06, no factoring/VIE disclosures. Market partial (no insider clusters). Text not_evaluated. Sector: no MLR/reserve/DOJ risk-adjustment data present in fetched record to fire — absence not treated as flag.",29863808520,complete,1
2026-07-22,ALMR,DataGap,0,0,0,0,0,0,0,0,0,"No family fires. Governance coverage complete but only benign 8-K items (8.01, 2.02, 5.03, 9.01) — no 4.02/4.01-with-disagreement, no restatement, no NT late filing, so critical governance = false. Insider Form 4s cluster on 2026-04-20 (likely IPO/registration-related grants, not a 3+ insider sale cluster >25% of holdings), so market does not fire. All accounting families (accruals/revenue/capex/balance_sheet/leverage/sector) are unavailable with no present signal — absence is not a flag. Text not evaluated. Company appears newly public with no 10-K yet.",29952727517,fetch_failed,1
2026-07-22,TSM,DataGap,0,0,0,0,0,0,0,0,0,"No family fired. Financial statement data is entirely unavailable (no 10-K found; TSM is a foreign private issuer filing 20-F). Coverage: accruals/revenue/capex/balance_sheet/leverage all unavailable, text not_evaluated, sector not_applicable. Governance coverage complete but shows no 8-K 4.02, no restatement, no auditor resignation, no NT filings — no critical or soft governance signal. Market coverage partial: Form 4 dates present but no insider-selling clusters flagged. Absence of data is not a flag.",29952727517,fetch_failed,1
2026-07-22,USPH,Green,0,0,0,0,0,0,0,0,0,"No families fire. Accruals clean: CFO/NI 2025 = 1.29 (75.1M CFO / 58.0M NI). Revenue clean: DSO ~30 days, declining YoY while revenue accelerating (+16.3% vs +11%). Capex/D&A = 0.67, below threshold. Balance sheet: AR +8.8% vs revenue +16%; goodwill scored under sector family (no double-count) — no fire. Leverage: net-debt/EBITDA -0.24x, no new supplier finance/factoring. Governance: NT 10-Q (2024-08-09) is outside the 12-month window; NT filings from 2017 stale; no 4.02/restatement/auditor disagreement — not critical. Repeated 5.02 changes are routine soft churn, insufficient to fire. Market: partial coverage, no insider clusters. Text: not evaluated, no signal. Sector: goodwill 57.5% >50% but no corroborator (no impairment, positive organic growth implied by strong revenue, leverage not elevated) — does not fire.",29952727517,complete,1
2026-07-22,VEEV,Yellow,0,0,0,0,0,0,0,0,0,"No families fire. Accruals healthy: CFO/NI ~1.56, CFO 1.42B exceeds NI 909M. Revenue growth steady (~16%), DSO up only ~6.6% (below thresholds), revenue not decelerating — no revenue flag. Goodwill only ~4.9% of assets, low leverage (D/E 0.25), strong liquidity (current ratio 4.9) — no balance-sheet or leverage flags. Governance: 8-K filings are routine 2.02 earnings, 5.07 votes, and periodic 5.02 officer changes; no Item 4.02, restatement, auditor disagreement, or NT late filing — no critical governance. Insider Form 4 activity present but no clusters (3+ insiders selling >25% in 30d) flagged; market coverage partial. Text not evaluated. Sector (hc_services tag) — VEEV is life-sciences SaaS, not a roll-up; goodwill immaterial, no FCA/DOJ/340B/reserve signals present.",29952727517,complete,1
2026-07-22,VMD,Yellow,0,0,0,0,0,0,0,0,0,"No families fire. Accruals clean (CFO/NI ~3.4x). Revenue: DSO fell YoY (40.5→34.6 days), gross margin contracted (~59.4%→57.5%), no revenue-quality trigger. Capex/D&A elevated but margins not expanding and DME rental model explains ratio. Balance sheet: inventory/AR growing slower than revenue, goodwill ~30% of assets. Leverage: net cash (net-debt/EBITDA -0.05), credit-facility amendments routine. Governance: 8-K 5.02 items are routine annual-meeting-linked director changes; no 6a critical event. Market coverage partial, no insider sale clusters. Text not evaluated. Sector: goodwill below 50% threshold, no DOJ/FCA/qui-tam, no bad-debt or price-concession methodology change disclosed.",29952727517,complete,1
2026-07-22,ZTS,Yellow,0,1,0,1,0,0,0,0,0,"revenue: FIRED — DSO up ~18% YoY (>15%) AND revenue growth decelerating (8.3%->2.3%); also AR growth far outpaces revenue. balance_sheet: FIRED — AR growing >1.5x revenue growth (20.8% vs 2.3%); goodwill only ~17.8% of assets so no goodwill trigger. accruals: not fired — CFO/NI ~1.09 (2,904/2,673), healthy cash backing. capex: not fired — capex/D&A ~1.27 (<1.5). leverage: not fired — LT debt up, ST debt to zero; no supplier finance/VIE disclosed. governance: not fired — 5.02 items are routine officer/director changes; no 4.02/restatement/late filing. market: partial coverage, no insider clusters. text: not evaluated. sector: not fired — animal-health pharma, no FCA/qui tam, goodwill <50%, no bad-debt/roll-up corroborators.",29952727517,complete,1
2026-07-23,ALMR,DataGap,0,0,0,0,0,0,0,0,0,"No family fires. Accruals/revenue/capex/balance_sheet/leverage/text data unavailable or not evaluated — absence is not a flag. Governance coverage complete but only routine items (2.02, 8.01, 5.03); no critical 6a events. Market coverage partial: Form 4 activity on 2026-04-20 is a same-day batch (9 filings) with no disclosed 3+ insider sell cluster >25% of holdings, so market does not fire. Sector coverage marked complete but no medtech-specific signals (channel, consignment, warranty, FCPA, recall) present in data. Company is stale (no 10-K found).",30039859892,fetch_failed,1
2026-07-23,TSM,DataGap,0,0,0,0,0,0,0,0,0,"No family fires. Coverage: accruals/revenue/capex/balance_sheet/leverage unavailable, text not_evaluated, sector not_applicable. Governance coverage complete with no critical (6a) or soft (6b) events — no restatement, no 4.02, no auditor disagreement, no NT filing. Market partial with no qualifying insider cluster or short-interest signal. Absence of financials for a foreign private issuer is a data-coverage gap, not a flag.",30039859892,fetch_failed,1
2026-07-23,A,CorporateAction,0,0,0,0,0,0,0,0,0,"No families fire. Accruals: CFO/NI = 1.20 (1559/1303), no cash-backing issue. Revenue: revenue +6.7%, AR +12% but DSO not >15% with decel; no fire. Capex/D&A ~1.41x, below 1.5x threshold. Balance sheet: goodwill 4473/12727 = 35% (<40%), inventory +5% below revenue growth; no fire. Leverage: net-debt/EBITDA 0.9x, no new factoring/VIE disclosed. Governance: no 4.02/restatement/NT/auditor-disagreement — routine 5.02 churn only, not fired. Market coverage partial, no insider clusters. Text not evaluated. Sector (medtech): no channel-stuffing, consignment, or ASC 606 anomalies observed. Item 5.01 flagged as corporate action for human review.",30039859892,complete,1
2026-07-23,ABT,Yellow,0,0,0,0,0,0,0,0,0,"No family fires. Accruals: 2025 CFO/NI ~1.47, cash-backed earnings, no fire. Revenue: DSO up only ~8% YoY, inventory growth below revenue, no fire. Capex/D&A ~1.51x borderline but benign given restructuring/COVID mix — not fired. Balance sheet: goodwill 27.7% of assets (<40%), AR outpacing revenue on annual data only (need 2+ quarters), no fire. Leverage: net-debt/EBITDA 0.465; the $20B bridge is acquisition back-up financing (Exact Sciences), not hidden leverage. Governance: only routine 5.02/5.03/5.07 items, no 4.02/restatement/NT — no fire, not critical. Market: partial coverage, no insider clusters flagged. Text: not evaluated. Sector (medtech): no channel-stuffing, warranty, FCPA, or write-off signals present. ABT is acquirer not target, so corporate_action null.",30039859892,complete,1
2026-07-23,ADPT,Yellow,0,1,0,0,0,0,0,0,1,"revenue: fires on two triggers — deferred revenue declining ($55.7M→$45.2M) while revenue accelerating (+55%), and gross-margin expansion >300bps in a single year (59.7%→74.2%) without disclosed mix/pricing reason. accruals: NOT fired — NI negative all three years so the positive-NI/CFO-NI rules cannot apply; no accrual-quality signal from a loss-making denominator. capex: capex ($3.0M) well below D&A ($16.1M); no capitalization concern. balance_sheet: goodwill 23% of assets (<40% threshold); inventory +16% and AR +21% both slower than revenue +55%; no fire. leverage: D/E 1.28 but no new supplier-finance/factoring/VIE disclosure; existing debt only. governance: 8-K history shows routine 5.02 officer changes and old (2023) Item 3.01 listing-deficiency notice; no 4.02, restatement, NT filing, or auditor disagreement — no critical or soft-governance combination fired. market: partial coverage, no insider clusters, no short data. text: not evaluated. sector (medtech-diagnostics): fires on Family 8 royalty/milestone — revenue arrangements include upfront/milestone (variable) consideration and the outsized one-year revenue step-up alongside falling deferred revenue is consistent with lumpy/front-loaded license or milestone recognition warranting scrutiny.",30039859892,complete,1
2026-07-23,ALGN,Yellow,0,0,0,1,0,0,0,0,0,"balance_sheet=1: accounts receivable grew ~10.7% YoY against ~0.9% revenue growth (>1.5x), an AR bloat signal; goodwill only ~7.9% of assets so no goodwill component. accruals=0: CFO/NI = 1.45, cash amply backs earnings. revenue=0: DSO rose ~10% (below 15% threshold); gross margin declined so no unexplained expansion. capex=0: capex/D&A = 0.43. leverage=0: no supplier-finance/VIE/factoring disclosure; D/E 0.54. governance=0: only routine 5.02 director/officer 8-Ks, no 4.02/restatement/late filing/auditor disagreement. market=partial, no insider clusters. text=not_evaluated. sector=0: no distributor channel/consignment/warranty/FCPA/recall signal present.",30039859892,complete,1
2026-07-24,ALMR,DataGap,0,0,0,0,0,0,0,0,0,"No family fires. Nearly all quantitative data (accruals, revenue, capex, balance_sheet, leverage, sector) is unavailable — no statements, ratios, or note bodies present; absence cannot manufacture a flag. Governance coverage complete but only routine 8-K items (2.02, 5.03, 8.01, 9.01); no Item 4.02, restatement, auditor disagreement, or NT late filing — no critical or soft governance trigger. Market coverage partial: Form 4 activity clustered on 2026-04-20 but no evidence of 3+ insiders selling >25% of holdings; does not fire. Text not evaluated.",30121898894,fetch_failed,1
2026-07-24,TSM,DataGap,0,0,0,0,0,0,0,0,0,"No family fires. Governance coverage complete but shows only routine 6-K filings, no Item 4.02/restatement/auditor-resignation/NT late filing — no critical or soft governance event. Insider data present but no clusters (Form 4 dates likely routine; no cluster flagged). Market coverage partial with no short-interest data. All accounting families (accruals/revenue/capex/balance_sheet/leverage) unavailable due to FPI status and 404 REST errors — absence is not a flag. Text not evaluated; sector not applicable.",30121898894,fetch_failed,1
2026-07-24,AORT,Yellow,0,0,0,0,0,0,0,0,0,"No families fire. Accruals clean: CFO/NI ~4.1x in 2025 (CFO $39.9M vs NI $9.8M), well above 0.8. Revenue: DSO ~74 days flat YoY, revenue growth accelerating slightly, no channel-stuffing signal. Capex/D&A 1.74x but only marginal margin expansion — single noisy ratio, not fired. Balance sheet: goodwill 28.7% of assets (<40%), inventory (+16%) and AR (+13%) tracking revenue growth (+13.6%), no 1.5x bloat. Leverage decreasing (LT debt $314M→$215M), no new VIE/factoring disclosed. Governance: only NT filings are from 2002/2004 (stale, outside 12-month window); no 8-K 4.02, no restatement, no auditor disagreement; one routine 5.02 officer change is not repeat turnover. Market coverage partial, no insider clusters. Text not evaluated. Sector medtech: deferred preservation cost model disclosed, no distributor channel build or consignment inventory acceleration evident.",30121898894,complete,1
2026-07-24,ATEC,Green,0,0,0,0,1,0,0,0,0,"Leverage (soft): ST debt rose ~$63M while LT debt fell ~$73M YoY, matching general.md Family 5 refi-hiding rule. Accruals: NI negative in all three years, so CFO/NI test does not apply (positive-NI precondition unmet). Revenue: DSO fell (49.5→46.5 days), gross margin flat (~69.5%), no fire. Capex: Capex/D&A only 0.55x and capex declining, no fire. Balance sheet: inventory declined YoY, AR grew 17% vs revenue 25% (<1.5x), goodwill only 9.5% of assets, no fire. Governance: NT 10-K filings are 2014/2020/2022 — outside 12-month window; recurring 8-K 5.02 items appear routine with no 4.02/restatement/auditor-disagreement disclosed, so critical governance NOT triggered and no soft-governance detail confirmed. Market: Form 4 activity present but clusters empty (partial coverage). Text: not evaluated. Sector (medtech): spine devices sold via independent sales agents (not distributors); inventory declining, no write-off cadence or channel-stuffing signals present.",30121898894,complete,1
2026-07-24,ATR,Yellow,0,0,0,0,0,0,0,0,0,"No families fired. Accruals: CFO/NI 2025 =1.45, no cash-backing issue. Revenue: steady ~5% growth, no DSO/deferred signals available to fire. Capex/D&A ~1.1x, below 1.5x. Balance sheet: inventory grew faster than revenue but attributable to an acquisition (goodwill +142M, total assets +820M); goodwill only 21% of assets, no corroborator. Leverage: net cash, no factoring/VIE disclosure. Governance: 8-K 5.02 director/officer items are routine (6b-type churn but not repeated CFO turnover clearly), no 4.02/restatement/late filing — not critical. Market: partial coverage, no insider clusters. Text: not evaluated. Sector (medtech): no distributor channel-stuffing, warranty, FCPA, or write-off cadence signals present.",30121898894,complete,1
2026-07-24,ATRC,Yellow,0,0,0,0,0,0,0,0,0,"No families fired. Accruals: NI negative in all three years, so CFO/NI positive-NI rule and materiality floor do not apply; CFO actually strengthened sharply ($57M in 2025). Revenue: DSO ~45 days, down YoY; AR (+10.5%) and inventory (+4.2%) both grew slower than revenue (+14.9%); gross margin stable ~75% — no fire. Capex/D&A 0.75x, below 1.5x. Balance sheet: goodwill 35.9% of assets (<40%), no corroborator. Leverage: stable debt mix, low net leverage; standard credit-agreement covenant language only. Governance: 8-K history is routine (2.02 earnings, 5.02 board/officer at annual meetings, 5.07 votes) — no 4.02, restatement, or auditor disagreement; the only NT filing is an NT 10-Q from 2005 (far outside 12-month window) — not critical, not soft. Market: coverage partial, insider clusters empty, no qualifying sale cluster. Text: not evaluated, no going-concern signal present. Sector (medtech): capital-equipment-placement + distributor model disclosed but no channel build, no recalls, no FCPA inquiry, no SSP change — no fire.",30121898894,complete,1
2026-07-25,ALMR,DataGap,0,0,0,0,0,0,0,0,0,"No family fires. Governance coverage is complete but contains only routine items (8.01, 2.02 earnings, 5.03 bylaw amendment) — no Item 4.02, restatement, auditor disagreement, or NT late-filing, so critical_governance=false. Insider Form 4 activity on 2026-04-20 is clustered on a single date but no cluster flagged by data and no sale-size signal, so market does not fire. All accounting families (accruals, revenue, capex, balance_sheet, leverage) are unavailable with no present signal — absence is not a flag. Text not evaluated. Sector coverage marked complete but no medtech-specific signal (distributor, consignment, warranty, FCPA, recall) is present in the data, so sector does not fire.",30172112399,fetch_failed,1
2026-07-25,TSM,DataGap,0,0,0,0,0,0,0,0,0,"TSM is a foreign private issuer filing 6-Ks; no 10-K found, all financial statement/ratio data unavailable (rest_available=false, source_errors 404). Accruals/revenue/capex/balance_sheet/leverage/text coverage unavailable or not_evaluated — no present signals to fire, absence is not a flag. Governance coverage complete but no 8-K 4.02/restatement/auditor-resignation/NT filing present; only routine 6-Ks, so no critical or soft governance flag. Market partial: Form 4 dates present but no clusters flagged and no short-interest data — no fire. Sector not applicable.",30172112399,fetch_failed,1
2026-07-25,AVTR,Yellow,0,0,0,1,0,1,0,0,0,"balance_sheet FIRES: goodwill 42.3% of total assets (>40%) with corroborators — goodwill declined ~$552M YoY (likely impairment amid FY2025 net loss) and elevated leverage (net-debt/EBITDA ~21.8x >4x). AVTR is a lab-products/distribution medtech, not a hc_services roll-up, so goodwill is scored here (no double-count). governance FIRES (soft): repeated Item 5.02 officer changes throughout 2025-2026 constitute routine C-suite churn — one family toward the count, not critical, no 4.02/restatement/NT filing. accruals: not fired — FY2025 NI negative so positive-NI rule inapplicable; CFO $623.8M healthy. revenue: DSO ~60 vs ~56 days (+7.5%, <15%) with declining (not accelerating) revenue — no fire. capex: capex/D&A ~0.31, far below 1.5x. leverage: ST debt fell 821→31M, LT rose — opposite of refi-hiding; no new supplier-finance/VIE disclosure. market: partial coverage, no insider cluster flagged. text: not_evaluated. sector (medtech): no distributor channel-stuffing, consignment, or R&D-cap signal present. corporate_action detector flagged an Item 3.01 but it maps to a stale 2022 filing, not a current structural exit — left null.",30172112399,complete,1
2026-07-25,AZTA,Red,0,0,0,0,0,1,0,0,0,"governance=1 CRITICAL: NT 10-K filed 2025-12-02 for period ending 2025-09-30 is within the last 12 months (general 6a auto-Red), and the FY2025 10-K discloses Note 20 'Revision of Previously Issued Quarterly Information' indicating a prior-period revision. accruals not fired: NI negative (-$55.8M) so positive-NI CFO/NI rule N/A. revenue not fired: DSO ~87d, down from ~98d prior year, no deceleration+DSO combo. capex not fired: capex/D&A ~0.55x. balance_sheet not fired: goodwill 34% (<40%), inventory/AR not building faster than revenue. leverage low (D/E 0.19), no factoring/VIE new disclosure. market partial, no insider clusters, not fired. text not_evaluated, no signal. sector: no distributor/consignment/warranty/FCPA signals present. Corporate action: 8-K item 2.01 disposition tied to discontinued-operations sale.",30172112399,complete,1
2026-07-25,BAX,Green,0,0,0,0,0,1,0,0,0,"governance=1 SOFT: repeated Item 5.02 officer/director changes 2024-2026 indicate management turnover; no 8-K 4.02, no restatement, no auditor disagreement, NT filings are 2019/2020 (outside 12-month window) so critical governance does NOT fire. accruals=0: FY2025 and FY2024 both report negative NI, so CFO/NI<0.5-with-positive-NI rule cannot fire; Sloan combination not met. revenue=0: DSO ~60 vs ~58 days (+5%), below 15% threshold; gross margin contracted (not expanded). capex=0: capex/D&A=0.52, far below 1.5x. balance_sheet=0: goodwill 24.6% of assets (<40%); inventory +9% vs rev +5.7% not 1.5x; only annual data, no 2-quarter persistence. leverage=0: net cash (net-debt/EBITDA -2.9), short-term debt fell to $1M, active debt paydown, no new supplier finance/factoring/VIE. market=partial: Form 4 activity present but no 3+ insider selling cluster. text=not_evaluated. sector=0: distributor sales disclosed but no channel-stuffing, consignment build, warranty release, recall, or FCPA signal present. corporate_action noted: Item 2.01 divestiture of Kidney Care (reported as discontinued ops).",30172112399,complete,1
2026-07-25,BBNX,Yellow,0,0,0,0,0,0,0,0,0,"No families fired. Accruals: both NI and CFO negative, so CFO/NI positive-NI trigger inapplicable; no accruals flag. Revenue: DSO actually declined (67→62 days) and AR growth (43%) < revenue growth (54%); no fire. Capex: Capex/D&A ~3.3x but operating margin deeply negative with no margin expansion, so no fire. Balance sheet: inventory growth 1.17x revenue growth (below 1.5x); goodwill immaterial. Leverage: low D/E 0.14, no new supplier-finance/VIE/factoring disclosure. Governance: single 8-K 5.02 (Mar 2025) but no 4.02/restatement/auditor-disagreement/NT filing — not critical, insufficient for soft-governance combination. Market: partial coverage, no insider clusters. Text: not evaluated. Sector (medtech): distributor/pharmacy channel present but revenue-vs-end-market growth not disclosed and inventory build below threshold; no consignment or write-off cadence signal — no sector fire.",30172112399,complete,1
2026-07-26,ALMR,DataGap,0,0,0,0,0,0,0,0,0,"No family fires. Coverage is unavailable/partial for all accounting families (no financial statements or note bodies fetched) — absence is not a flag. Governance coverage is complete but 8-K items (8.01, 2.02/9.01, 5.03/8.01/9.01) are routine; no Item 4.02, restatement, auditor resignation, or NT late filing, so no critical or soft governance flag. No late filings. Market coverage partial: Form 4 activity present but no qualifying insider sell cluster. Sector coverage marked complete but no medtech-specific signals present in fetched data (no inventory, distributor, warranty, or FCPA disclosures).",30217408298,fetch_failed,1
2026-07-26,TSM,DataGap,0,0,0,0,0,0,0,0,0,"No family fires. Governance coverage complete but shows only routine 6-K filings with no items — no 8-K 4.02, restatement, auditor disagreement, or NT late-filing. Market coverage partial: Form 4 dates present but no qualifying insider-sale cluster. All accounting families (accruals/revenue/capex/balance_sheet/leverage) are unavailable due to missing statements — absence is not a flag. Text not evaluated; sector not applicable.",30217408298,fetch_failed,1
2026-07-26,BDX,CorporateAction,0,0,0,0,0,0,0,0,0,"No families fire. Accruals clean: CFO/NI = 3430/1678 = 2.04. Capex/D&A = 0.31 (well below 1.5x). Revenue: DSO stable, AR flat/down while revenue grew ~8%. Balance sheet: goodwill ~48% of assets but no corroborator (no impairment, leverage 3.37x < 4x, positive organic growth) — does not fire per goodwill-alone exclusion. Leverage: no supplier finance/VIE (10-K states no material VIE), net-debt/EBITDA 3.37x. Governance: numerous 8-K Item 5.02 officer/director items are routine churn — no 4.02, no restatement, no NT filing, no auditor disagreement; not critical, not soft-firing. Market: partial coverage, no insider clusters. Text: not evaluated. Sector: FDA Dispensing Warning Letter is a regulatory concern noted as context but is not a Class I/II recall with under-reserving evidence; no channel-stuffing, FCPA, or write-off cadence signal — sector does not fire.",30217408298,complete,1
2026-07-26,BFLY,Yellow,0,0,0,0,0,1,0,0,0,"Governance fires SOFT only: repeated Item 5.02 officer changes and Item 3.01 listing-deficiency notices; no 8-K 4.02, restatement, auditor-disagreement, or NT filing, so critical_governance=false. Accruals do not fire — NI is negative in all years, so the positive-NI CFO/NI rule is inapplicable. Revenue: DSO rose only ~8% YoY (<15%), deferred revenue rising, gross margin declined — no fire. Balance sheet: inventory declined; AR grew ~29% vs revenue ~19% (~1.5x) but quarters data empty so 2+ quarter persistence unconfirmed and goodwill not quantified — no fire. Leverage: no new supplier-finance/VIE/factoring disclosures. Market: partial coverage, no insider clusters. Text: not evaluated. Sector: no distributor channel-stuffing, warranty, recall, or FCPA signals present.",30217408298,complete,1
2026-07-26,BIO,Yellow,0,0,0,0,0,0,0,0,0,"No families fired. Accruals: CFO/NI=0.70 (>0.5 threshold) and prior-year NI negative, so 2+ year <0.8 pattern with positive NI does not hold; low CFO/NI in 2025 is a non-cash-gain (Sartorius equity) denominator artifact — excluded per calibration note. Revenue: DSO ~65 days flat YoY, revenue flat, no fire. Capex: capex declining, no margin expansion. Balance sheet: goodwill only 5.5% of assets, inventory declining, AR flat. Leverage: D/E 0.42, no new supplier finance/VIE (existing Sartorius loan is disclosed prior-year). Governance: NT 10-K filings are all 2013-2019 (outside 12mo window, not critical); 5.02 events appear routine, no restatement/4.02/auditor disagreement. Market: partial coverage, no insider clusters flagged. Text: not evaluated. Sector (medtech/diagnostics): no channel stuffing, consignment build, warranty/recall, or FCPA disclosures; inventory declining.",30217408298,complete,1
2026-07-26,BLLN,Yellow,0,1,0,0,0,1,0,0,0,"revenue: gross-margin expansion >300bps (actually ~1,500bps) YoY with no clearly disclosed mix/pricing reason; deferred revenue declining while revenue accelerating (immaterial magnitude, so weight is on the margin move). accruals: CFO/NI = 24.6/7.454 = 3.3x, positive cash backing — no fire. capex: capex/D&A 1.28x, below 1.5x threshold. balance_sheet: inventory +101% vs revenue +100% (not >1.5x); AR +68% below revenue growth; goodwill not material — no fire. leverage: new Oberland debt draws (2.03) but no supplier-finance/factoring/VIE hiding — no fire. governance (SOFT): unremediated material weakness in ICFR disclosed plus repeated 5.02 officer changes post-IPO; NOT 6a critical (no 4.02, restatement, auditor resignation-with-disagreement, or NT filing) so critical_governance=false. market: Form 4 activity present but coverage partial and no 3+ insider selling clusters detected. text: not_evaluated. sector (diagnostics/IVD): predominantly direct molecular-diagnostics testing revenue, no distributor channel/reagent-rental/warranty/FCPA/R&D-cap triggers disclosed — no fire.",30217408298,complete,1
2026-07-27,ALMR,DataGap,0,0,0,0,0,0,0,0,0,"No family fires. Data coverage is unavailable/partial for all accounting families (accruals, revenue, capex, balance_sheet, leverage) and text is not_evaluated — absence of data is not a flag. Governance coverage complete: only routine 8-K items (2.02, 5.03, 8.01, 9.01), no critical 6a events (no 4.02, no restatement, no auditor resignation-with-disagreement, no NT late filing), so governance does not fire. Market coverage partial: Form 4 dates cluster on 2026-04-20 but no disclosed sale clusters meeting the 3-insider/>25%-of-holdings rule; no short-interest data — does not fire. Sector coverage marked complete but no distributor, consignment, warranty, or recall signals present in the fetched data — nothing to fire. Note: staleness flag set (no 10-K found); this is a coverage limitation, not a forensic flag.",30300892381,fetch_failed,1
2026-07-27,TSM,DataGap,0,0,0,0,0,0,0,0,0,"No family fires. TSM is a foreign private issuer filing 6-Ks; no 8-K item codes, no restatement, no late filings, no NT filings — governance coverage complete with no critical or soft triggers. Insider Form 4 activity present but no clustered sales meeting the 3+/25% threshold (market only partial). Text not evaluated. All accounting-family data unavailable — absence is not a flag, so none fired.",30300892381,fetch_failed,1
2026-07-27,BRKR,Yellow,0,0,0,0,0,1,0,0,0,"governance=1 (SOFT): recurring Item 5.02 executive/director changes across the past 12+ months constitute soft governance churn — one family toward the combination count, not auto-Red. No critical 6a events: no 8-K 4.02, no restatement, no auditor-resignation-with-disagreement, and the NT 10-K filings on record are old (2020/2018/2005), outside the trailing-12-month window. accruals=0: FY2025 NI is negative (-$8.3M), so the 'positive NI with CFO/NI<0.5' rule cannot fire; FY2024 CFO/NI ~2.2 is healthy. revenue=0: DSO declined (~61→58 days), gross margin contracted (not expanded), no deferred-revenue red flag. capex=0: Capex/D&A ~0.41, no over-capitalization. balance_sheet=0: goodwill 24.8% of assets (<40%); inventory/AR not growing >1.5x revenue. leverage=0: elevated net-debt/EBITDA (~5.4x) but no disclosed supplier-finance/factoring/new VIE or ST-for-LT debt shift (LT debt actually fell). market: partial coverage, no insider clusters. text: not_evaluated. sector=0: no distributor channel-stuffing, consignment build, warranty release, FCPA inquiry, or write-off cadence disclosed in the available data.",30300892381,complete,1
2026-07-27,BSX,Yellow,0,0,0,0,0,0,0,0,0,"No family fires. Accruals clean: CFO/NI = 4534/2892 = 1.57, well above floor. Revenue grew ~20% with stable 69% gross margin; no AR/DSO deterioration data to fire revenue. Capex/D&A = 0.64, no over-capitalization. Balance sheet: goodwill 42% of assets exceeds 40% but no corroborator (no impairment, positive organic growth, leverage ratios null) so does not fire per no-double-count/structure rule. Leverage: short-term debt actually fell (1778M→299M); acquisition debt disclosed but no supplier-finance/factoring/new VIE. Governance: only routine 5.02 officer changes and 5.03/5.07 annual-meeting items — no 4.02, restatement, auditor disagreement, or NT filing; not fired. Market partial, no insider clusters. Text not evaluated. Sector medtech: no channel-stuffing, consignment build, R&D-capitalization, warranty, or FCPA disclosures present.",30300892381,complete,1
2026-07-27,CNMD,Yellow,0,0,0,0,0,1,0,0,0,"Governance fired SOFT only: repeated Item 5.02 executive/director changes (2026-06-17, 2026-05-20, 2026-03-13, 2026-01-08, 2025-09-09, 2025-07-07, etc.). No Item 4.02, no restatement, no auditor disagreement, no recent NT filing (only NT 10-K in 2003) — critical_governance=false. Accruals clear: CFO/NI=3.6x, CFO>NI. Revenue clear: DSO flat (~66 days), no deceleration+DSO combo. Capex/D&A=1.16x (<1.5x). Balance sheet clear: goodwill 35% (<40%), inventory/AR growth below 1.5x revenue growth. Leverage: no new supplier-finance/VIE/factoring disclosure. Market partial (no insider clusters). Text not_evaluated. Sector medtech: no distributor channel builds, consignment growth, or recall signals present.",30300892381,complete,1
2026-07-27,COO,Yellow,0,0,0,0,0,0,0,0,0,"No families fire. Accruals healthy: CFO/NI ~2.1 (796.1M/374.9M), gap negative. Revenue: DSO up ~10% (below 15%), gross margin stable ~65.5%, no deferred-revenue consumption. Capex/D&A ~0.96 (below 1.5x). Balance sheet: AR outgrew revenue (~15.6% vs ~5%) but no quarterly data to establish 2+ quarter persistence; goodwill 31% of assets, below 40% and no corroborator. Leverage modest (D/E 0.50), no supplier-finance/VIE/factoring disclosures. Governance: 8-K 2.02 (earnings), 5.02 (officer changes), 5.07 (votes), 1.01/2.01 (acquisition-related) — all routine; no 4.02, no restatement, no NT filing, no auditor-disagreement, so critical governance = false; multiple 5.02s look like routine churn, not firing soft governance. Market coverage partial, no insider clusters, no short data. Text not evaluated. Sector (medtech): no distributor channel-stuffing, consignment build, warranty under-reserving, FCPA, or write-off cadence disclosed. Corporate action detected is an 8-K Item 2.01 acquisition completion by COO (inbound acquisition), not a structural exit of COO, so corporate_action = null.",30300892381,complete,1
2026-07-28,ALMR,DataGap,0,0,0,0,0,0,0,0,0,"No family fires. Data coverage is unavailable for accruals, revenue, capex, balance_sheet, leverage, and sector, and text is not_evaluated — absence is not a flag. Governance coverage is complete but shows only routine 8-K items (8.01, 2.02, 5.03) with no 4.02, no restatement, no auditor resignation-with-disagreement, and no NT late filings, so no critical or soft governance event. Market is partial: multiple Form 4s on 2026-04-20 but no qualifying insider-sale cluster (>25% holdings each) and no short-interest data, so no fire. Company appears to be a newly public/SPAC-derived filer (no 10-K yet).",30394333706,fetch_failed,1
2026-07-28,TSM,DataGap,0,0,0,0,0,0,0,0,0,"No family fires. Governance coverage complete but only routine 6-K furnishings (no 8-K item codes, no 4.02, no NT filings, no auditor events) — no critical or soft governance signal. Market coverage partial: Form 4s present but no 3+ insider sell cluster >25% holdings. All accounting families (accruals/revenue/capex/balance_sheet/leverage) unavailable — TSM is a foreign private issuer without 10-K/10-Q data; absence is not a flag. Text not evaluated; sector not applicable.",30394333706,fetch_failed,1
2026-07-28,CSTL,Yellow,0,0,0,0,0,0,0,0,0,"No family fires. Accruals: FY2025 NI negative (-$24.2M) with strongly positive CFO ($64.3M), so the positive-NI/low-CFO test does not apply — no accrual quality concern. Revenue: DSO declined (56d->46d) and growth decelerated benignly; no fire. Capex/D&A 0.88x, below 1.5x threshold; no fire. Balance sheet: goodwill only $10.7M (~2% of assets); inventory grew faster than revenue but balance is tiny and no 2-quarter corroboration; no fire. Leverage: net-debt/EBITDA ratio (52x) is a denominator artifact of near-zero EBITDA — total debt only ~$10M, low D/E 0.23, term loan disclosed for new HQ, no factoring/VIE/supplier finance; no fire. Governance: only routine 8-K items (2.02 earnings, 7.01, 5.07 votes, 5.03 bylaws, older 5.02 officer changes); no 4.02, no restatement, no auditor disagreement, no NT filing; not fired. Market: partial coverage, no insider clusters flagged. Text: not evaluated. Sector (diagnostics): single performance obligation point-in-time recognition, no distributor/channel/reagent-rental red flags disclosed; no fire.",30394333706,complete,1
2026-07-28,DHR,Yellow,0,0,0,0,0,0,0,0,0,"No families fire. Accruals clean (CFO/NI 1.78, CFO>NI). Revenue: DSO up modestly (~7%) but revenue essentially flat, no combination trigger. Capex/D&A 1.54x without margin expansion corroborator. Balance sheet: goodwill 51.7% of assets but no corroborator (no impairment, net-debt/EBITDA not >4x) — high-goodwill structure only. Leverage: ST debt falling, LT rising; no supplier-finance/factoring/VIE disclosure. Governance: recurring 8-K 5.02 director/officer items are routine churn — no 4.02, restatement, auditor disagreement, or NT filing; not fired. Market: partial coverage, no insider clusters. Text: not evaluated. Sector (medtech): no distributor channel-stuffing, consignment, warranty, or FCPA signals present; pending Masimo deal is an acquisition (DHR is acquirer), noted as context only.",30394333706,complete,1
2026-07-28,DXCM,Yellow,0,0,0,0,0,1,0,0,0,"governance=1 (soft): routine 8-K 4.01 auditor change with no disagreement plus repeated 5.02 officer churn; counts as one contributing family, not critical. Accruals clean (CFO 1440.7M > NI 836.3M, CFO/NI >1.7). Revenue: DSO ~95d vs ~91d (+4.6%), revenue accelerating not decelerating, AR growth 1.34x rev (<1.5x), GM flat — no fire. Capex/D&A 1.44x (<1.5x). Inventory growth ~16% ≈ revenue growth ~15.6%, goodwill negligible — balance_sheet no fire. Leverage: convertible notes but no new supplier finance/VIE/factoring — no fire. Market partial, no insider clusters. Text not evaluated. Sector: distributor/channel not exceeding thresholds; FDA warning letter noted but no quantified recall/warranty inadequacy — no fire.",30394333706,complete,1
2026-07-28,ELAN,Yellow,0,0,0,0,0,0,0,0,1,"sector (medtech/animal-health) fires on Family 2 inventory signal: total inventory grew ~1.68x revenue growth and inventory days ~298 are materially elevated, consistent with channel/field-inventory build risk. No consignment write-down data to corroborate cadence, so treated as soft. Accruals not fired: 2025 NI negative so positive-NI CFO/NI rule inapplicable; CFO 560M > NI. Revenue not fired: DSO ~67 days flat YoY, revenue accelerating, gross margin ~flat. Capex/D&A 0.4x, no capitalization concern. Balance_sheet not fired: goodwill 36% <40% with no impairment; AR growth 1.35x <1.5x; inventory build only available annually (need 2+ quarters). Leverage: high but no hidden-debt mechanisms disclosed. Governance: several routine 5.02 director/officer changes but no 4.02, restatement, auditor disagreement, or late filing — not fired, no critical marker. Market partial, no cluster. Text not evaluated.",30394333706,complete,1
2026-07-29,ALMR,DataGap,0,0,0,0,0,0,0,0,0,"No family fires. Data coverage is unavailable/partial/not_evaluated for all accounting families (no 10-K, no statements, no ratios — REST endpoints 404). Governance coverage complete but no 8-K 4.02/4.01, no restatement, no NT late filing — no critical or soft governance trigger present. 8-Ks are routine (2.02 earnings release, 5.03 amendment, 8.01). Market partial: Form 4 activity on 2026-04-20 is a same-day batch consistent with an IPO/registration event, no qualifying 3+ insider selling cluster >25% holdings. Sector coverage marked complete but no distributor/consignment/warranty/recall/FCPA signals present in data. Absence of data is not a flag.",30486214412,fetch_failed,1
2026-07-29,TSM,DataGap,0,0,0,0,0,0,0,0,0,No family fires. TSM is a foreign private issuer filing 6-Ks (not 8-Ks) and 20-Fs; the 6-K events carry no item codes and no restatement/4.02/auditor/NT-late signals — governance coverage complete with nothing firing. Market coverage partial: Form 4 activity present but no 3+ insider selling cluster. Accruals/revenue/capex/balance_sheet/leverage all 'unavailable' with no present signals — absence is not a flag. Text not evaluated; sector not applicable.,30486214412,fetch_failed,1
2026-07-29,ENOV,Yellow,0,0,0,0,0,1,0,0,0,"governance=soft: multiple 8-K Item 5.02 executive-change filings indicating repeated management turnover; no Item 4.02, no restatement, no recent NT filing (only NT 10-Q from 2010, outside 12-month window), so NOT critical. Accruals not fired: NI negative both years (goodwill-impairment driven), CFO positive $217M — CFO/NI test requires positive NI. Revenue not fired: DSO ~72d flat, deceleration alone insufficient. Capex/D&A=0.67 (<1.5). Goodwill 18.7% of assets (<40%). Leverage: no supplier finance/VIE/factoring disclosed. Market partial, no insider clusters. Text not evaluated. Sector (medtech) families not clearly fired; note goodwill roll-up is not a medtech sector family. Corporate action detected = 8-K Item 2.01 (acquisition/disposition completion), not a structural exit, so corporate_action=null.",30486214412,complete,1
2026-07-29,ESTA,Red,0,0,0,0,1,1,0,0,1,"leverage: FIRED — first-time RTW Inventory Funding Agreement (supplier-finance-style receivable/inventory financing) drawn twice in 2025, plus covenant tightening and high leverage indicating hidden/off-BS financing. governance: FIRED (soft) — routine auditor change 8-K 4.01 (2025-05-22) with no disclosed disagreement, plus repeated 5.02 executive changes; NT 10-K was filed 2024-03-01 which is OUTSIDE the trailing-12-month window so it is NOT critical. sector: FIRED — MD&A discloses China distributor still selling through inventory purchased in FY2024, a distributor channel/sell-through indicator of prior sell-in. accruals: not fired — NI negative all years so positive-NI CFO/NI rule inapplicable. revenue: not fired — DSO declined YoY (~143 to ~134 days) despite ~27% revenue growth. balance_sheet: goodwill immaterial ($1.2M); inventory/AR growth below revenue growth. market: partial coverage, no insider clusters flagged. text: not_evaluated.",30486214412,complete,1
2026-07-29,EW,Yellow,0,0,0,0,0,0,0,0,0,"No families fire. Accruals: 2025 CFO/NI ~1.49 (healthy); 2024 low CFO/NI explained by one-time non-cash gain inflating NI — explicit exclusion applies, not a flag. Revenue: DSO ~40 days flat/declining YoY, gross margin stable at ~78%, no fire. Capex/D&A ~1.67 but capex flat and no clear margin expansion — no fire. Balance sheet: goodwill only 12.9% of assets, inventory and AR growing slower than revenue — no bloat. Leverage: net cash (net-debt/EBITDA -1.6), VIE mention is routine consolidation policy, not new — no fire. Governance: earnings (2.02), annual meeting (5.07), officer-change (5.02) 8-Ks are routine; no 4.02, no restatement, no auditor disagreement, no NT late filing — critical governance false. Insufficient specificity to confirm CFO turnover pattern, so soft governance not fired. Market: partial coverage, no insider clusters flagged. Text: not evaluated. Sector (medtech): stable gross margin, no distributor/consignment channel-stuffing signals, no warranty/recall/FCPA disclosures — no fire.",30486214412,complete,1
2026-07-29,FLGT,Yellow,0,0,0,1,0,0,0,0,0,"Accruals: not fired — NI is negative (-$61.6M), so the positive-NI CFO/NI rule does not apply; large negative CFO noted as context only. Revenue: not fired — DSO up only ~7.9% YoY (<15% threshold), below the 25% single-year trigger; deferred revenue small. Capex: not fired — capex/D&A ~0.94 (<1.5), margins contracting not expanding. Balance_sheet: FIRED — AR growth ~22.8% vs revenue ~13.8% (~1.65x, above 1.5x); goodwill only ~2% of assets, inventory not disclosed. Note: only annual data available, so 2+ quarter persistence inferred, treat as moderate. Leverage: not fired — D/E 0.10, no supplier finance/VIE/factoring disclosed. Governance: not fired as critical — no 8-K 4.02, no restatement, no NT filing, no auditor disagreement; a single Item 5.02 is routine (an old 2022 Item 3.01 delisting notice is stale). Market: partial coverage, no insider selling clusters detected. Text: not_evaluated. Sector (medtech/diagnostics): not fired — revenue via insurance/institutional/patient, no distributor channel-stuffing or consignment/placement signals; HRSA/CIDs is a reimbursement-investigation concern but does not cleanly map to a medtech sector family and no fresh FCA settlement disclosed. corporate_action: 8-K Item 2.01 relates to an acquisition completion (with Item 1.01), not a structural exit, so set to null.",30486214412,complete,1
2026-07-30,ALMR,DataGap,0,0,0,0,0,0,0,0,0,"No family fired. Governance coverage complete but no 8-K 4.02/4.01, no NT late-filing, no restatement — only routine items 8.01, 2.02/9.01, and 5.03 (charter amendment). Insider Form 4 activity on 2026-04-20 is not a qualifying sell cluster (no cluster detected). Accruals/revenue/capex/balance_sheet/leverage/text data unavailable or not evaluated — absence is not a flag, so all left 0. Sector coverage marked complete but no distributor/consignment/warranty/FCPA signals present in the data to fire any medtech family.",30577270126,fetch_failed,1
2026-07-30,TSM,DataGap,0,0,0,0,0,0,0,0,0,"TSM is a foreign private issuer filing 6-K forms; no 8-K item codes, no restatement/4.02/NT filings present, so no critical or soft governance event fires. Financial coverage is unavailable across accruals/revenue/capex/balance_sheet/leverage — absence of data, not a flag. Market coverage partial with no qualifying insider cluster and no short-interest signal. Text not evaluated. Sector not applicable. No family fires.",30577270126,fetch_failed,1
2026-07-30,GEHC,Green,0,0,0,0,0,0,0,0,0,"No family fires. Accruals: CFO/NI 2025 = 0.92 (1,987M/2,154M), healthy, no fire. Revenue: ~5% growth, no DSO or deferred-revenue red flags in available data. Capex/D&A 1.68x but no margin-expansion corroborator. Balance sheet: goodwill 36.5% (<40%); inventory build (3x revenue growth) noted but lacks 2+ quarter confirmation (no quarterly data). Leverage: high but term-out reduces refi risk; no off-BS disclosures. Governance: 8-K 5.02 items are routine exec changes (soft, not repeated CFO turnover confirmed); no 4.02/restatement/auditor-disagreement/NT filing — no critical governance. The 8-K item 5.01 detected is the January 2023 GE spin-off separation, historical, not a current structural exit — corporate_action reported null. Market: partial coverage, no insider selling clusters. Text: not evaluated, no signal. Sector (medtech): no distributor channel-stuffing, consignment, warranty, FCPA, or write-off signals present in fetched data.",30577270126,complete,1
2026-07-30,GH,Yellow,0,0,0,0,0,1,0,0,0,"governance=1 (SOFT): repeated Item 5.02 executive/board changes (2025-09-15, 2026-04-27) counted as one soft-governance family; no Item 4.02, no restatement, no auditor disagreement, no NT late filing — not critical. accruals: not fired — CFO/NI materiality rule requires positive NI; GH reports net losses so low-CFO artifact does not apply. revenue: DSO ~51d vs ~54d prior (declining), AR +25% vs revenue +33%; no fire. capex: capex/D&A ~1.22x, below 1.5x threshold and no margin expansion. balance_sheet: goodwill only 3.8% of assets, inventory +21% vs revenue +33%; no fire. leverage: negative equity but no off-balance-sheet/factoring/VIE disclosure; no fire. market: partial coverage, no insider clusters. text: not evaluated. sector (medtech diagnostics): no distributor channel/consignment/reagent-placement/warranty/FCPA signals present in data; no fire.",30577270126,complete,1
2026-07-30,GKOS,Yellow,0,1,0,1,0,0,0,0,0,"revenue: fires — DSO up ~35% YoY (>25% single-year rule) and AR growth (79%) far exceeds revenue growth (32%). balance_sheet: fires — AR growing >1.5x revenue growth (79% vs 32%); goodwill only 7.5% of assets so not a goodwill trigger. accruals: not fired — CFO/NI materiality rules require positive NI; GKOS reports net losses, so ratio is a denominator artifact, not an accruals flag. capex: not fired — capex/D&A ~0.7x. leverage: not fired — no supplier finance/factoring/VIE disclosures; low debt. governance: not fired — 8-K activity is routine (2.02 earnings, 7.01, 5.07 votes, one 5.02); no 4.02/restatement/auditor disagreement/NT filings. market: partial coverage, no insider clusters flagged. text: not_evaluated. sector: no clear distributor channel-stuffing, consignment, warranty, or R&D-cap trigger despite AR surge.",30577270126,complete,1
2026-07-30,GMED,Yellow,0,1,0,0,0,0,0,0,0,"Revenue family FIRED on gross-margin expansion >300bps in a single year (58.9%->67.4%) with no disclosed mix/pricing reason in fetched notes; likely benign purchase-accounting effect from NuVasive merger but not corroborated as disclosed. Accruals clear: CFO/NI 1.4x (2025), 5x (2024) — strong cash backing. Capex/D&A 0.6x, no capitalization flag. Balance sheet: goodwill 27% of assets (<40%), inventory growth 15% vs revenue 16.6% (not >1.5x), AR 1.3x revenue growth — no fire. Leverage minimal (D/E 0.16). Governance: NT 10-K filings are 2014/2017 (outside 12mo), no Item 4.02/restatement/auditor disagreement — not critical, routine 5.02 churn only. Market partial coverage, no insider clusters. Text not evaluated. Sector: high inventory days typical of consignment model, no write-off cadence or distributor-stuffing signal to fire. Corporate action Item 2.01 is an acquisition completion, not a structural exit.",30577270126,complete,1
2026-07-31,ALMR,DataGap,0,0,0,0,0,0,0,0,0,"No family fires. Governance coverage complete but shows only routine 8-K items (2.02, 5.03, 8.01, 9.01); no 4.02/4.01-with-disagreement, no restatement, no NT late filing — critical_governance=false. Market coverage partial: multiple Form 4s on 2026-04-20 but the record shows no insider-selling cluster meeting the >25%-of-holdings threshold, so market does not fire. All accounting families (accruals, revenue, capex, balance_sheet, leverage) and sector are unavailable/absent with no present signal — absence is not a flag. Text not evaluated.",30661248730,fetch_failed,1
2026-07-31,TSM,DataGap,0,0,0,0,0,0,0,0,0,"No family fires. Governance coverage complete but shows only routine 6-K furnishings (FPI) with no Item 4.02, restatement, auditor disagreement, or NT late filing — no critical or soft governance signal. Market coverage partial: Form 4 dates present but no qualifying 3+ insider sell cluster >25% holdings. Accruals/revenue/capex/balance_sheet/leverage all unavailable (no statements/ratios) — absence is not a flag. Text not evaluated. Sector not applicable.",30661248730,fetch_failed,1
2026-07-31,GRAL,CorporateAction,0,0,0,0,0,0,0,0,0,"No family fires. Accruals: NI negative every year (2023-2025) so positive-NI accruals rule cannot trigger; CFO also negative. Revenue: revenue +17% YoY but DSO fell (~59d to ~45d) and no deferred-revenue/margin trigger. Capex: negligible ($0.9M). Balance sheet: high intangibles from acquisition but non-roll-up and no impairment/organic-decline/leverage corroborator, and inventory not disclosed. Leverage: low debt (D/E 0.13), no supplier finance/VIE/factoring. Governance: no 8-K 4.02, no restatement, no NT filing, no auditor disagreement — 5.02 events are routine post-spin churn (not confirmed CFO repeat turnover), so soft governance not clearly established; not fired. Market: partial coverage, no insider cluster flagged. Text: not evaluated. Sector (medtech/IVD): no channel-stuffing, consignment, warranty, or FCPA signals present. Corporate action = prior Illumina spin-off (Item 5.01, 2024) — historical, not a live exit.",30661248730,complete,1
2026-07-31,HAE,Yellow,0,0,0,0,0,0,0,0,0,"No family fires. Accruals: CFO/NI ~3.0x (293M/97M), no cash-conversion problem. Revenue: DSO up ~9% YoY, below thresholds; no deferred-rev or margin anomaly. Capex/D&A <0.3x, no capitalization concern. Balance sheet: inventory declined, goodwill 27% of assets with no corroborator. Leverage: net-debt/EBITDA 3.65x but no new factoring/VIE/supplier-finance; ST debt fell (303M->5M) as convertible notes repaid — refi mix improving, not hiding. Governance: multiple routine 5.02 officer-change 8-Ks and 5.07 votes, no Item 4.02/restatement/auditor-disagreement/NT filing — neither critical (6a) nor a clear soft-governance combination. Market coverage partial, no insider clusters. Text not evaluated. Sector (medtech): hospital business now 44% of revenue, distributor sales in ~87 countries, but no disclosed channel build, sell-in/sell-through change, warranty/recall or FCPA signal — no sector fire.",30661248730,complete,1
2026-07-31,HSIC,Red,0,0,0,1,0,1,0,0,1,"balance_sheet: FIRED — AR (+11.4%) and inventory (+10.6%) both growing >1.5x FY revenue growth (+4%); goodwill 37.6% of assets is below the 40% threshold so does not add. sector (medtech distributor): FIRED — inventory build ~2.6x revenue growth is a distributor channel-inventory signal (Family 1/9). governance: FIRED SOFT — repeated Item 5.02 executive/board turnover; NT 10-Q is >12 months old so not critical; no 4.02/restatement/auditor disagreement. accruals: not fired — CFO/NI 1.70, healthy cash backing. revenue: DSO up only ~7% YoY, below thresholds. capex: Capex/D&A 0.53, no aggressive capitalization. leverage: net-debt/EBITDA 0.66, no supplier-finance/factoring disclosure. market: partial coverage, no insider clusters. text: not evaluated. corporate_action: legacy 2023 Item 3.01 listing notice, not a current structural exit — reported null.",30661248730,complete,1
2026-07-31,HTFL,Yellow,0,0,0,0,0,0,0,0,0,"No family fires. Accruals: negative NI makes CFO/NI ratio inapplicable; cash burn is structural early-stage, not an accrual-quality issue. Revenue: DSO fell YoY, revenue accelerating with slower AR growth — no fire. Capex: capex/D&A <1x, no aggressive capitalization. Balance sheet: inventory not disclosed (SaaS/AI diagnostic model), AR<revenue growth, no goodwill corroborator. Leverage: D/E 0.20, no supplier finance/VIE/factoring disclosed. Governance: only routine 8-Ks (2.02 earnings, 5.07 vote results, 5.03 bylaw, 1.02 agreement termination, 7.01) — no 4.02, no restatement, no auditor disagreement, no NT filings. Market: partial coverage, no insider selling cluster identified. Text: not evaluated. Sector (medtech/digital-health-diagnostics AI software): no distributor channel stuffing, consignment, warranty under-reserving, FCPA, or R&D-capitalization signals present.",30661248730,complete,1
2026-08-01,ALMR,DataGap,0,0,0,0,0,0,0,0,0,"Nearly all accounting families (accruals, revenue, capex, balance_sheet, leverage) are unavailable — no statements, no ratios (REST 404s), no note bodies disclosed. Absence is not a flag, so all set 0. Governance coverage complete but only routine 8-K items (2.02 earnings, 5.03 charter/bylaw, 8.01 other, 9.01 exhibits); no Item 4.02, restatement, auditor resignation, or NT late filing — no critical or soft governance fires. Market partial: Form 4 activity present on 2026-04-20 but insider clusters empty and no sale-size/short-interest data — does not fire. Text not evaluated. Sector coverage marked complete but no distributor/consignment/warranty/FCPA disclosures present to fire any medtech family.",30715324363,fetch_failed,1
2026-08-01,TSM,DataGap,0,0,0,0,0,0,0,0,0,"TSM is a foreign private issuer; EDGAR fetch found no 10-K/10-Q and REST financial endpoints returned 404, leaving accruals/revenue/capex/balance_sheet/leverage as unavailable and text as not_evaluated — absence of data is not a flag, so none fire. Governance coverage complete: only routine 6-K filings, no 8-K Item 4.02, no restatement, no auditor disagreement, no NT late filings — no critical or soft governance flag. Market partial: Form 4s present but no qualifying insider-sale cluster and no short-interest signal, so market does not fire. Sector not applicable.",30715324363,fetch_failed,1
2026-08-01,HYPR,Yellow,0,0,0,0,0,0,0,0,1,"Accruals: NI negative (-35.6M), CFO negative — CFO/NI materiality rule requires positive NI; not fired. Revenue: DSO actually declined (169d to 141d), growth roughly flat; no fire. Capex: capex/D&A ~1.09x, below 1.5x; no fire. Balance_sheet: inventory grew >1.5x revenue but only annual data (no 2-quarter confirmation) and no goodwill concentration — held at 0, noted as concern; inventory risk captured in sector family. Leverage: D/E 0.35, no supplier finance/factoring/VIE disclosures; no fire. Governance: prior 8-K 4.01 (2023) and NT 10-Q (2021) both >12 months old, not critical; recent 5.02 officer changes and 3.01 listing notices are routine/structural, not accounting-integrity events; no fire. Market: partial coverage, no insider selling clusters; no fire. Text: not evaluated. Sector (medtech Family 2/9): inventory growing ~21.6% vs revenue ~5.2% (>1.5x) suggests field/consignment inventory build or over-production relative to demand — fired.",30715324363,complete,1
2026-08-01,IART,Red,0,0,0,1,0,1,0,0,1,"balance_sheet=1: inventory growth (~15% YoY) far exceeds revenue growth (~1.5%), signaling potential over-build/channel risk; goodwill at 17% of assets is below the 40% threshold and does not fire on its own (an impairment was recorded but goodwill % gate not met). governance=1 (soft): recurring Item 5.02 executive changes; NO 8-K 4.02, no restatement, no auditor disagreement — NT filings are all from 2007-2009 and outside the 12-month window, so critical governance does NOT fire. sector=1 (medtech): inventory/consignment building >1.5x revenue growth (Family 2). accruals not evaluated as firing because reported NI is negative (CFO/NI positive-NI gate not met). revenue: DSO ~62 days flat YoY, no fire. market: coverage partial, no insider clusters. text: not evaluated.",30715324363,complete,1
2026-08-01,ICUI,Yellow,0,0,0,0,0,0,0,0,0,"No family fires. Accruals: CFO ($179.8M) vastly exceeds tiny NI ($0.7M); CFO/NI well above 0.8, no accrual problem. Revenue: DSO ~29.5d vs ~28d prior, flat gross margin (36.8% vs 34.6%), revenue declined — no fire. Capex/D&A = 0.44 (88M/200.7M), no capitalization concern. Balance sheet: goodwill 37% (<40%), no corroborator; inventory build noted but no 2-quarter data. Leverage: short-term debt fell 51M->18.75M, no new supplier finance/VIE. Governance: 8-K 5.02/5.03/5.07 items are routine board/exec/bylaw/annual-meeting housekeeping; NT filings all 2012-2018 (outside 12 months); no 4.02/restatement/auditor disagreement — not fired. Market: partial coverage, no insider clusters flagged. Text: not evaluated. Sector: distributor concentration (18% single distributor) and inventory build noted but no channel-stuffing/consignment/write-off corroboration to fire. Corporate action kind 2.01 detected but not a structural exit (merger/take-private/delisting), so reported null.",30715324363,complete,1
2026-08-01,ILMN,Yellow,0,1,0,0,0,1,0,0,0,"revenue: fires — DSO up ~17% YoY AND revenue decelerating (flat-to-declining), with AR growth (16%) far outpacing revenue. accruals: no fire, CFO/NI=1.27, healthy. capex: no fire, capex/D&A=0.73. balance_sheet: no fire — goodwill 16.7% of assets (<40%); AR bloat captured under revenue and quarterly confirmation unavailable. leverage: no fire. governance: SOFT fire only — repeated 5.02 executive turnover; no 4.02/restatement/auditor disagreement; the 2002 NT 10-Q is far outside the 12-month window so not critical. market: partial coverage, no insider clusters, no fire. text: not evaluated, no fire from absent data. sector: no distributor channel/warranty/recall/FCPA signal present to fire medtech families. corporate_action: 8-K item 2.01 detected relates to inbound SomaLogic acquisition completion, not a structural exit, so left null.",30715324363,complete,1
2026-08-02,ALMR,DataGap,0,0,0,0,0,0,0,0,0,"No family fired. Governance coverage complete: 8-K items present are 8.01, 2.02 (earnings), 5.03 (charter/bylaw amendment) — none are 4.02, restatement, auditor-resignation-with-disagreement, or NT late filing, so no critical governance. No late filings. Market coverage partial: recent Form 4s exist but no qualifying cluster (3+ insiders selling >25% each). Text not evaluated. Sector coverage marked complete but no distributor/consignment/warranty/FCPA/recall signals present in the fetched data — nothing to fire. Accruals/revenue/capex/balance_sheet/leverage all unavailable (REST 404s, no statements) — absence is not a flag, so all 0.",30763948696,fetch_failed,1
2026-08-02,TSM,DataGap,0,0,0,0,0,0,0,0,0,"No family fires. Data coverage is unavailable/partial/not_evaluated for all accounting families — absence of data is not a flag. Governance coverage complete but shows only routine 6-K foreign-private-issuer filings with no 8-K Item 4.02, restatement, auditor disagreement, or NT late filing — no critical governance event. Market data partial: Form 4s present but no qualifying insider-sale cluster. Text not evaluated. Sector not applicable.",30763948696,fetch_failed,1
2026-08-02,INSP,Yellow,0,0,0,1,0,0,0,0,1,"balance_sheet FIRES: inventory YoY +81% and AR YoY +28.6% both far exceed 1.5x revenue growth (~13.6%). sector FIRES (medtech Family 2 consignment/field inventory): inventory growing >1.5x revenue amid new-product launch, classic pre-channel-stuffing pattern (inventory both flags are distinct facts, not the goodwill double-count exclusion). Accruals do NOT fire: 2025 CFO/NI=0.80 (at floor, not <0.5); prior-year coverage strong. Revenue does NOT fire: DSO up ~13% (<15% threshold) and gross margin only +70bps. Capex does NOT fire: capex flat YoY (~38.5M); high capex/D&A (2.76x) driven by tiny D&A base, not aggressive capitalization. Leverage low (D/E 0.16), no factoring/VIE disclosures. Governance: multiple routine 8-K Item 5.02 officer/director changes but no 4.02/restatement/auditor disagreement/NT filing — no critical, and churn too routine/undetailed to fire soft family. Market coverage partial, no insider clusters. Text not evaluated.",30763948696,complete,1
2026-08-02,IRTC,Yellow,0,0,0,1,0,1,0,0,0,"balance_sheet: FIRED on inventory growing ~2.1x revenue growth (54% vs 26% YoY); AR actually declined and goodwill immaterial. governance: FIRED SOFT — 8-K 4.01 auditor change (no disagreement disclosed) plus repeated 5.02 officer changes; NOT critical (late filings are 2019, outside 12 months; no 4.02/restatement). accruals: not fired — NI negative so positive-NI CFO/NI rule N/A; CFO positive and improving. revenue: not fired — DSO down, deferred revenue stable, GM expansion only ~170bps. capex: Capex/D&A ~2.24x but margin change modest in a clear growth/investment story; not fired. leverage: high ratios but no qualifying disclosure trigger. market: partial coverage, no insider clusters. text: not_evaluated. sector: no consignment/write-off disclosure available to corroborate; inventory build captured under general balance_sheet to avoid inventing from absent data.",30763948696,complete,1
2026-08-02,ISRG,Green,0,0,0,0,0,0,0,0,0,"No families fired. Accruals: CFO ($3,030.5M) exceeds NI ($2,876.6M), CFO/NI >1.0, no gap. Revenue: DSO ~55 days (2025) vs ~53.5 (2024), immaterial change; gross margin stable ~66%. Capex declining ($539.8M vs $1,111.2M), no capitalization concern. Balance sheet: goodwill only 1.8% of assets; inventory growth (~23.7%) and AR growth (~24.6%) only ~1.15-1.2x revenue growth (~20.5%), below 1.5x threshold. Leverage low (D/E 0.14), no supplier finance/factoring/VIE disclosures. Governance: 8-K activity is routine (2.02 earnings, 5.02 officer changes, 5.03 bylaws, 5.07 votes) with no Item 4.02, restatement, auditor disagreement, or NT late filing; no NT filings present. Market: partial coverage, no insider clusters. Text: not evaluated. Sector (medtech): no distributor channel-stuffing, consignment build, ASC 606 SSP change, warranty release, FCPA inquiry, or write-off cadence disclosed.",30763948696,complete,1
2026-08-02,ITGR,Yellow,0,1,0,1,0,0,0,0,0,"Revenue family FIRES: DSO up ~30% YoY (>25% single-year rule) and revenue growth decelerating (~10.3%→~8%); AR grew 41% vs 8% revenue. Balance_sheet FIRES: AR growing >1.5x revenue growth. Goodwill $1,110.9M / $3,410.6M = 32.6% (<40%, no goodwill fire). Accruals no fire: CFO/NI ~1.9, healthy cash backing. Capex/D&A ~0.69, no fire. Leverage: net-debt/EBITDA ~3.3, factoring mentioned but not shown as newly disclosed/materially expanded — no fire. Governance: multiple 8-K 5.02 items but no disclosed disagreement, no 4.02/restatement/NT filing — no critical, insufficient detail for soft-fire. Market partial, no insider clusters. Text not evaluated. Sector: OEM customer base (not distributor channel), tuck-in acquirer not a roll-up subgroup — no sector fire. Two families fired (revenue, balance_sheet).",30763948696,complete,1
2026-08-03,ALMR,DataGap,0,0,0,0,0,0,0,0,0,"No family fires. Governance coverage complete but only routine 8-K items present (8.01 disclosure, 2.02 earnings release, 5.03 charter amendment); no Item 4.02, restatement, auditor resignation, or NT late-filing — critical_governance=false. Market coverage partial: Form 4 activity on 2026-04-20 is a same-day cluster tied to an apparent recent going-public event, not a 3+ insider sale cluster >25% of holdings; market does not fire. Text not evaluated. All accounting families (accruals, revenue, capex, balance_sheet, leverage) and sector are unavailable with no present corroborating signals — absence is not a flag, so all set to 0. No structural corporate action disclosed.",30848924984,fetch_failed,1
2026-08-03,TSM,DataGap,0,0,0,0,0,0,0,0,0,"No flags fire. TSM is a foreign private issuer with no 10-K/10-Q and no statement data retrievable; accruals/revenue/capex/balance_sheet/leverage/text coverage is unavailable or not_evaluated — absence is not a flag. Governance coverage complete but only routine 6-K filings, no Item 4.02/restatement/NT/auditor-disagreement — critical_governance=false, soft governance not triggered. Market data partial with no insider clusters and no short-interest signal. Sector not applicable.",30848924984,fetch_failed,1
2026-08-03,JNJ,Green,0,0,0,0,0,0,0,0,0,"Accruals: CFO/NI ~0.92 (24.53B/26.80B), well above 0.8 floor — no fire. Revenue: DSO 66.5d vs 61d (~9% YoY), under 15% threshold and no gross-margin anomaly — no fire. Capex: capex/D&A = 0.64x, no aggressive capitalization — no fire. Balance sheet: goodwill 24.5% of assets (<40%); inventory/AR outgrew revenue on an annual basis but the 2+ quarter persistence test cannot be met with annual-only data — no fire. Leverage: elevated D/E (1.44x) normal for JNJ; no new factoring/supplier-finance/VIE disclosure — no fire. Governance: multiple 8-K 5.02 items are routine executive changes; no Item 4.02, restatement, auditor disagreement, or NT late filing — no critical or soft governance fire. Market: partial coverage, no insider selling clusters — no fire. Text: not evaluated. Sector (medtech): no distributor channel-stuffing, consignment build, warranty under-reserve, FCPA, or recall signals present — no fire. Corporate action: 8-K Item 2.01 detected but reflects an acquisition/disposition completion, not a structural exit of JNJ.",30848924984,complete,1
2026-08-03,KIDS,Yellow,0,0,0,0,0,0,0,0,0,"No family fired. Accruals: NI negative all three years so positive-NI CFO/NI rule inapplicable; CFO/NI is a negative-denominator artifact — no flag. Revenue: DSO 75.5d→83.1d (~+10%), below 15%/25% thresholds despite growth deceleration (37.6%→15.4%) — no flag. Capex: Capex/D&A 0.53x, below 1.5x with negative margins — no flag. Balance sheet: goodwill 21% (<40%); AR +27% vs rev +15% (~1.75x) is suggestive but annual-only, cannot confirm 2+ quarters; inventory grew in line with revenue — no fire. Leverage: D/E 0.47, new credit facility (8-K 1.01/2.03 Apr-2026) but no supplier finance/factoring/VIE disclosed — no flag. Governance: several routine 5.02 executive-change 8-Ks (soft only, no disagreement, unclear if CFO/audit-chair); no 4.02/restatement/NT filing — critical_governance false, not fired. Market: partial coverage, insider clusters empty — no flag. Text: not_evaluated — no flag. Sector (medtech): 68% consigned-inventory revenue is a structural risk but consignment/inventory growth tracked revenue; no FCPA, no recall/write-off cadence, no ASC 606 change — no fire. Corporate action detected is 8-K Item 2.01 = completion of clinic acquisitions (roll-up growth), not a structural exit, so corporate_action null.",30848924984,complete,1
2026-08-03,LNTH,Yellow,0,0,0,0,0,0,0,0,0,"No family fires. Accruals: CFO/NI=1.67 (2025), CFO exceeds NI, no fire. Revenue: DSO up ~11% (76→85d) with flat revenue growth — below the >15%+deceleration and >25% single-year thresholds; no fire. Capex: no capex/D&A data, not fired. Balance sheet: goodwill only ~10.7% of assets (well below 40%); AR grew faster than revenue but only annual data (rubric needs 2+ quarters) and no corroborator; no fire. Leverage: net-debt/EBITDA negative (net cash), only 2.625% convertible notes disclosed, no supplier-finance/factoring/new VIE; no fire. Governance: no 8-K 4.02, no 4.01, no restatement, no NT filings — no critical governance; repeated 5.02 filings are routine exec/board churn, insufficient specificity (CFO/audit-chair) to fire soft governance. Market: partial coverage, no insider selling clusters, no short data; no fire. Text: not evaluated. Sector (medtech): no distributor channel-stuffing, consignment build, warranty under-reserve, FCPA, or R&D-capitalization signals present; goodwill jump reflects disclosed M&A. 8-K item 2.01 is acquisition completion, not a structural exit, so corporate_action left null.",30848924984,complete,1
2026-08-03,MASI,Red,0,1,0,1,0,1,0,0,0,"revenue: fired on single-year gross-margin expansion of ~500bps (>300bps threshold) with no disclosed mix/pricing rationale in fetched notes. balance_sheet: inventory YoY growth (~29%) exceeds 1.5x revenue growth (~9.4%); goodwill only ~6% of assets so goodwill sub-rule not triggered. governance: SOFT only — repeated Item 5.02 executive/CEO transitions constitute one contributing family; no 8-K 4.02, restatement, auditor-disagreement, or NT filing, so critical_governance=false. accruals: not fired — NI negative so CFO/NI ratio is a distress/impairment artifact, not an accrual-quality issue; CFO strongly positive. capex: Capex/D&A ~0.5x, no capitalization flag. leverage: net-debt/EBITDA ~1.0x, no supplier-finance/VIE disclosure. market: partial coverage, no qualifying insider sale cluster or short-interest data. text: not evaluated. sector: no consignment/write-off/channel/FCPA disclosures present to fire a medtech-specific family; inventory divergence captured under balance_sheet to avoid over-firing. corporate_action: June 2026 8-K with Items 5.01/3.01/2.01 signals a change-in-control/delisting structural event.",30848924984,complete,1
2026-08-04,ALMR,DataGap,0,0,0,0,0,0,0,0,0,"No family fires. Coverage: accruals/revenue/capex/balance_sheet/leverage=unavailable, text=not_evaluated — absence is not a flag. Governance coverage complete but no 6a critical (no 4.02, restatement, auditor-with-disagreement, or NT late filing) and no 6b soft event in data. Market coverage partial: Form 4 dates cluster on 2026-04-20 but no qualifying sell cluster identified. Sector coverage complete but no medtech-specific signals (distributor, consignment, warranty, FCPA, ASC 606) present in the empty note bodies.",30946437698,fetch_failed,1
2026-08-04,TSM,DataGap,0,0,0,0,0,0,0,0,0,"All nine families evaluated to 0. Coverage is unavailable/partial/not_evaluated for the accounting families and no present signal fires any of them — absence is not a flag. Governance coverage is complete but the only filings are routine 6-Ks with no item codes, no Item 4.02/restatement/auditor-resignation/NT late filing, so no governance flag (neither critical nor soft). Market coverage partial: insider clusters empty, no short-interest or 10b5-1 clustering data, so no fire. Text not evaluated. Sector not applicable. No corporate action disclosed.",30946437698,fetch_failed,1
2026-08-04,MED,Yellow,0,0,0,0,0,1,0,0,0,"governance=1 (SOFT): cluster of Item 5.02 executive/board changes across 2026 filings indicating repeated management turnover; no 8-K 4.02, no restatement, no auditor disagreement, no NT late filing — not critical. Accruals not fired: 2025 NI negative so positive-NI CFO/NI rule inapplicable. Revenue family not fired: no DSO/AR data and the decline is a demand-driven revenue collapse rather than a receivables-buildup pattern; gross margin steady (~71-74%, no >300bps expansion). Capex/D&A ~0.4x, no capitalization concern. No goodwill disclosed; inventory shrinking with revenue — no bloat. Leverage low (D/E 0.25), credit facility terminated 2024, no supplier finance/VIE. Market coverage partial (late-filings source timeout) with no insider clusters flagged. Text not_evaluated. Sector: no distributor/consignment/warranty signals present in data despite revenue drop.",30946437698,complete,1
2026-08-04,MMSI,Yellow,0,0,0,0,0,0,0,0,0,"No families fired. Accruals healthy: CFO/NI = 297.4M/128.5M ≈ 2.3x, well above thresholds. Revenue quality clean: revenue +11.7% YoY vs AR +7.1% (AR growing slower than revenue), DSO stable (~49 days). Capex/D&A = 81.7M/123.2M ≈ 0.66x, no aggressive capitalization signal. Balance sheet: goodwill 506.8M/2,685.9M = 18.9% (well below 40% floor); inventory +9% vs revenue +11.7% (in line). Leverage modest: net-debt/EBITDA 0.93x, D/E 0.70; no new factoring/supplier-finance/VIE disclosures. Governance: recurring 8-K Item 5.02 (officer/director changes) appears routine — no 4.02, no restatement, no auditor-disagreement, no NT filings (late_filings empty); not enough detail to fire even soft governance. Market coverage partial with no insider clusters flagged. Text not evaluated. Sector (medtech): distributor reliance disclosed as standard risk-factor language but no channel-stuffing, no consignment build, no recall/warranty release, no FCPA inquiry, inventory growth in line with revenue — no sector family fires.",30946437698,complete,1
2026-08-04,MOVE,Red,0,0,0,0,0,1,0,0,0,"governance=1 (critical): NT 10-K/NT 10-Q late filings in last 12 months (general 6a) — automatic critical. Also serial 8-K 4.01 auditor changes and delisting notices reinforce. Accruals not fired: NI is negative so CFO/NI positive-NI rule does not apply. Revenue not fired: revenue is declining (not accelerating) and no AR/DSO data or deferred-revenue-consumption signal present. Capex negligible. Balance_sheet: inventory declining with revenue, no goodwill data. Leverage: negative equity but no disclosed supplier-finance/VIE/factoring signal to fire. Market: partial coverage, no insider selling clusters flagged. Text: not_evaluated. Sector (medtech): no distributor/consignment/warranty/recall/FCPA signals disclosed in available notes.",30946437698,complete,1
2026-08-04,MRVI,Red,0,0,0,0,0,1,0,0,0,"CRITICAL governance fires (6a): 8-K Item 4.02 non-reliance filing on 2025-03-18 plus NT 10-K late filing on 2025-03-04, and a subsequent 8-K 4.01 auditor change. governance_flag=1 with critical marker; automatic Red on its own. Accruals not evaluated as firing: NI negative both 2024 and 2025 so the positive-NI CFO/NI rule does not apply. Revenue quality: DSO actually declined (~54→50 days) and revenue is decelerating/declining, not accelerating — no fire. Capex/D&A 0.56, no fire. Balance sheet: goodwill 129.4M/770.6M = 16.8% (<40% threshold) and inventory/AR declining — no fire despite recorded goodwill impairments (impairment noted as context). Leverage: no supplier-finance/factoring/new-VIE disclosure identified; Item 2.03 new obligation noted but not clearly off-balance-sheet — no fire. Market: partial coverage, no insider selling clusters. Text: not evaluated. Sector medtech: no clear distributor channel-stuffing, consignment build, warranty under-reserving or FCPA signal in provided data — no fire.",30946437698,complete,1
2026-08-05,ALMR,DataGap,0,0,0,0,0,0,0,0,0,"Governance coverage complete but no 4.02, restatement, auditor resignation, or NT late-filing present — 8-K items (8.01, 2.02/9.01 earnings, 5.03 charter amendment) are routine; no critical or soft governance event fires. Market partial: Form 4 activity on 2026-04-20 is a same-day cluster but no insider-sale cluster (3+ selling >25% holdings) is flagged; likely IPO-related grants, not a firing signal. Sector coverage marked complete but with no financial/note data present, no medtech-specific signal (channel, consignment, warranty, FCPA) can fire. Accruals/revenue/capex/balance_sheet/leverage all unavailable — absence is not a flag. Text not evaluated.",31042524418,fetch_failed,1
2026-08-05,TSM,DataGap,0,0,0,0,0,0,0,0,0,"TSM is a foreign private issuer filing 6-Ks; no domestic 10-K/10-Q available. Coverage unavailable for accruals/revenue/capex/balance_sheet/leverage; text not evaluated; sector not applicable. Governance coverage complete but no 8-K 4.02, restatement, auditor disagreement, or NT late filing present — no critical or soft governance flag fires. Market partial: no insider clusters or short-interest signals present. No family fires; absence of data does not constitute a flag.",31042524418,fetch_failed,1
2026-08-05,MYGN,Yellow,0,0,0,0,0,1,0,0,0,"governance=1 (soft): cluster of Item 5.02 management-change 8-Ks over 2025-2026 plus 10-K language on senior management turnover; not critical — no Item 4.02, no restatement, no auditor disagreement, and the only NT 10-K (2021-03-02) is outside the trailing 12 months. accruals=0: NI negative so CFO/NI materiality/positive-NI condition not met. revenue=0: DSO ~51d, down YoY; revenue essentially flat/declining. balance_sheet=0: goodwill only ~7% of assets despite large impairment. leverage=0: no supplier finance/VIE/ST-debt shift. capex=0: D&A declining, no capitalization signal. market=partial, no insider clusters. text=not_evaluated. sector=0: no distributor/consignment/warranty/R&D-cap signal in data.",31042524418,complete,1
2026-08-05,NEO,Yellow,0,0,0,0,0,1,0,0,0,"governance=soft: multiple Item 5.02 leadership-change 8-Ks within trailing 12 months indicating repeat executive turnover; no 8-K 4.02, restatement, auditor disagreement, or recent NT filing (NT filings all pre-2020), so no critical governance. accruals: NI negative in all periods so CFO/NI positive-NI test inapplicable; no fire. revenue: DSO fell (~83→80 days) and no acceleration anomaly; no fire. capex: Capex/D&A ~0.75, below 1.5x; no fire. balance_sheet: goodwill 38.6% (<40%), AR/inventory growth below 1.5x revenue growth; no fire. leverage: D/E 0.63, convertible notes on-balance-sheet, no supplier-finance/factoring/VIE; no fire. market: coverage partial, no insider clusters; no fire. text: not evaluated; no fire. sector: diagnostics (not a roll-up), predominantly direct lab services, inventory write-off referenced but no quantified repeated write-off pattern or distributor channel-stuffing signal; no fire.",31042524418,complete,1
2026-08-05,NOVT,Red,0,1,0,1,1,0,0,0,0,"revenue: DSO +18.4% YoY with decelerating revenue growth fires. balance_sheet: inventory (+30%) and AR (+22%) growing far faster than revenue (3.3%); goodwill 35.8% of assets, under 40% threshold and not double-counted. leverage: short-term debt rising while long-term debt falling (refi-mix pattern) though net debt/EBITDA is negative. accruals: CFO/NI = 1.19 (2025), no fire. capex: Capex/D&A 0.25, no fire. governance: only soft 8-K 4.01 auditor change from 2024-03-15 (>12mo, no disagreement) plus routine 5.02 churn — no critical, no recent fire. market: partial coverage, no insider clusters. text: not evaluated. sector: inventory build captured under balance_sheet; no distributor/consignment/recall/R&D-cap disclosures to fire medtech families. Corporate action: 8-K item 2.01 relates to an acquisition completion, not a structural exit.",31042524418,complete,1
2026-08-05,NTRA,Green,0,0,0,0,0,0,0,0,0,"No family fires. Accruals: NI negative so CFO/NI test not applicable in the direction that fires; CFO strongly positive vs a net loss — no accrual-quality problem. Revenue: DSO fell from ~68 to ~47 days while revenue grew 36%; deferred revenue rising — no flag. Capex: capex/D&A ~2.5x but margins negative (no margin expansion), so no fire. Balance sheet: inventory growth ~1.47x revenue (below 1.5x, single year), AR declined, goodwill only ~6% of assets — no fire. Leverage: D/E 0.4, no new supplier finance/VIE/factoring disclosed. Governance: multiple 8-K 5.02 items but routine, no Item 4.02/restatement/auditor disagreement/NT filing — not critical, not clearly soft CFO-turnover, left at 0. Market: coverage partial, no insider clusters flagged. Text: not evaluated, no going-concern signal present. Sector (medtech/diagnostics): no distributor channel stuffing, consignment build, ASC 606 change, warranty or FCPA signal present.",31042524418,complete,1
2026-08-07,ALMR,DataGap,0,0,0,0,0,0,0,0,0,"No family fires. Coverage for accruals/revenue/capex/balance_sheet/leverage is unavailable and REST endpoints 404'd — absence is not a flag. Governance coverage complete: 8-K items are 8.01, 2.02/9.01, and 5.03/8.01/9.01 — all routine, no 4.02/restatement/auditor-resignation/NT late filing, so critical_governance=false and no soft-governance trigger. Market partial: Form 4 dates cluster on 2026-04-20 but insider.clusters is empty and no evidence sales >25% of holdings, so no market flag. Text not_evaluated and sector complete with no disclosed distributor/warranty/recall signals in notes (all not_disclosed). Staleness noted (no 10-K).",31134405448,fetch_failed,1
2026-08-07,TSM,DataGap,0,0,0,0,0,0,0,0,0,"TSM is a foreign private issuer filing 6-Ks; no 10-K/10-Q or REST financial data available (all endpoints 404). Accruals/revenue/capex/balance_sheet/leverage coverage unavailable — absence is not a flag, none fire. Governance coverage complete but only routine 6-K filings, no Item 4.02/restatement/auditor-resignation/NT late filing. Market coverage partial: Form 4 dates present but no qualifying cluster of 3+ insiders selling >25% holdings. Text not evaluated. Sector not applicable. No family fires.",31134405448,fetch_failed,1
2026-08-07,NVCR,Yellow,0,0,0,1,0,0,0,0,0,"Balance_sheet fires: both AR (+20.6%) and inventory (+17%) growing >1.5x revenue growth (+8.3%) on annual data; goodwill not disclosed. Accruals not fired: NI negative so the positive-NI CFO/NI test does not apply. Revenue not fired: DSO +11% (<15%) and no >25% single-year jump; gross margin stable (~74-77%, no >300bps expansion). Capex/D&A 1.82x but no margin expansion (margins negative), so capex not fired. Leverage: no supplier-finance/factoring/VIE disclosure. Governance: 8-K history shows only routine 5.02/5.07 director/officer and annual-meeting items — no 4.02, restatement, NT filing, or auditor disagreement; no soft-governance trigger established. Market: coverage partial, no insider clusters flagged. Text: not evaluated. Sector: no distributor sell-in, consignment build, warranty, FCPA, or recall disclosures surfaced to corroborate a medtech-specific family.",31134405448,complete,1
2026-08-07,NVST,Yellow,0,0,0,0,0,0,0,0,0,"No family fires. Accruals: CFO/NI ~5.9x, no accrual quality issue. Revenue: DSO up only ~9% YoY, gross margin stable (~54.7%). Capex: capex/D&A ~1.1x, no over-capitalization. Balance sheet: goodwill 41.5% of assets but no corroborator (low leverage 0.92x net-debt/EBITDA, no current impairment); AR/inventory growth exceeds 1.5x rev on annual basis but 2+ quarter persistence cannot be confirmed (no quarterly data). Leverage: net-debt/EBITDA 0.92x, ST debt fell to 0, no supplier finance/VIE disclosures. Governance: recurring 8-K Item 5.02 items are routine officer/director changes — no 4.02, restatement, auditor disagreement, or late filing; not fired. Market: partial coverage, no insider selling clusters. Text: not evaluated. Sector (dental/medtech): 85% consumables, no distributor channel-stuffing, consignment build, ASC 606 change, FCPA, or recall disclosures apparent.",31134405448,complete,1
2026-08-07,OFIX,Yellow,0,0,0,0,0,0,0,0,0,"No family fires. Accruals: NI negative all periods so the positive-NI CFO/NI rule cannot fire; CFO ($33M FY25) exceeds negative NI. Revenue: AR flat (~$135M) vs rising revenue, gross margin stable ~68-69%, no DSO or deferred-rev trigger. Capex: capex ~$35M with operating losses, no margin expansion, no software-capitalization signal. Balance sheet: goodwill $194.9M/$850.6M=22.9% (<40%), inventory declining YoY — no fire. Leverage: stable LTD, no supplier-finance/factoring/VIE or ST/LT mix shift. Governance: NT filings are 2013-2015 (stale, outside 12mo); no 8-K 4.02/restatement/auditor-disagreement; 5.02 items are routine churn — no critical or clearly-firing soft governance. Market: partial coverage, no insider clusters, no short data. Text: not evaluated. Sector (medtech): M6 discontinuation noted but no distributor channel-stuffing, consignment build, warranty under-reserving, FCPA, or repeated write-off cadence evident in data. Corporate action: 8-K Item 2.01 detected (asset acquisition/disposition) but not a structural exit/take-private, so left null.",31134405448,complete,1
2026-08-07,OMCL,Yellow,0,0,0,0,0,1,0,0,0,"governance=soft: cluster of Item 5.02 officer-change filings over multiple years indicates recurring leadership turnover; no critical trigger present. NT 10-K filings are from 2015 and 2007 — outside the 12-month window, so not a critical late-filing event. No 8-K Item 4.02, no restatement, no auditor disagreement. Accruals: CFO/NI is high/positive (CFO 127.3M >> NI 2.05M) — no accrual problem, low NI is denominator context not a flag. Revenue: DSO fell (~84d→~67d), gross margin flat (42.3%→42.5%), deferred revenue rising — no fire. Capex/D&A ~0.5 — no fire. Balance sheet: goodwill 37.4% of assets (<40% threshold), no corroborator — no fire. Leverage: D/E 0.6, no new supplier-finance/VIE disclosure — no fire. Market: no insider clusters (partial coverage). Text: not evaluated. Sector medtech: no channel-stuffing, warranty, FCPA, or R&D-cap signals present in data.",31134405448,complete,1
2026-08-07,ALMR,DataGap,0,0,0,0,0,0,0,0,0,"No family fires. Financial-statement coverage for accruals, revenue, capex, balance_sheet, and leverage is 'unavailable' — no data to fire on, and absence is not a flag. Governance coverage complete: 8-K items are routine (2.02 earnings, 5.03 charter/bylaw amendment, 8.01 other, 9.01 exhibits); no Item 4.02, no restatement, no auditor resignation with disagreement, no NT late filings — critical_governance=false, no soft governance triggers either. Market coverage partial: recent Form 4 activity clustered on 2026-04-20 but no qualifying insider-sale cluster (looks like new-issuer initial ownership reports); no short-interest data. Text not evaluated. Sector coverage 'complete' but no distributor/consignment/warranty/FCPA/mix signals present in the data. Overall the record is a stale, thinly-populated newly-registered filer with no 10-K.",31211529457,fetch_failed,1
2026-08-07,TSM,DataGap,0,0,0,0,0,0,0,0,0,"No family fires. Governance coverage is complete but shows only routine 6-K filings, no 8-K Item 4.02, no restatement, no auditor disagreement, no NT late filing — critical_governance=false. Market coverage partial: Form 4 dates present but no insider-sale cluster meeting the threshold and no short-interest data, so market does not fire. All core accounting families (accruals/revenue/capex/balance_sheet/leverage) have unavailable coverage with no present signals — absence is not a flag. Text not_evaluated. Sector not_applicable. TSM is a foreign private issuer, explaining the absence of 10-K/8-K and abundance of 6-K filings.",31211529457,fetch_failed,1
2026-08-07,PACB,Yellow,0,0,0,1,0,1,0,0,0,"balance_sheet=1: goodwill 40.5% of total assets (marginally over 40%) with corroborators — AR growing far faster than revenue and large FY2025 asset base contraction implying impairment/writedowns. PACB is a medtech/diagnostics name, not a roll-up, so goodwill is evaluated here (no sector double-count). governance=1 (SOFT): repeated Item 5.02 executive/leadership turnover and explicit 10-K disclosure of leadership disruption; no 8-K 4.02, restatement, auditor disagreement, or NT filing, so NOT critical. accruals not fired: net income negative so positive-NI CFO/NI rule inapplicable. revenue not fired: DSO up ~24% (below 25% single-year bar) and revenue is accelerating (returning to growth), not decelerating. market partial coverage, no insider cluster detected. text not_evaluated — not fired on absent data. sector: no clear channel-stuffing, consignment build, or FCPA/warranty trigger in available data. corporate_action: Item 2.01 divestiture of short-read sequencing assets noted.",31211529457,complete,1
2026-08-07,PEN,Yellow,0,1,1,0,0,0,0,0,0,"revenue: fired on standalone trigger — gross margin expansion >300bps in a single year (63.2%->67.1%) with no disclosed mix/pricing reason; DSO actually declined (~51->49 days) so channel/AR side is clean. capex: fired — Capex/D&A ~3.65x (>1.5x) with margin expansion in same period, capex jumped from $21M to $64M while D&A fell. accruals: not fired — CFO/NI >1.0 in FY25 (CFO $239M vs NI $178M), no cash-conversion gap. balance_sheet: not fired — inventory (+6%) and AR (+13%) growing slower than revenue (+17.5%); goodwill only ~9% of assets. leverage: not fired — no supplier finance/factoring/VIE. governance: not fired — 8-K 4.01 auditor change was 2024-03-21 (>12mo, no disclosed disagreement); 5.02 items are routine officer changes; no 4.02/restatement/NT filing. market: partial coverage, no insider clusters. text: not evaluated. sector: not fired on available data — inventory days elevated (~340d, consistent with consignment/field inventory) but growing slower than revenue and no write-down cadence available (quarters empty); no FCPA/recall disclosures surfaced.",31211529457,complete,1
2026-08-07,PLSE,Yellow,0,0,0,0,0,0,0,0,0,"No family fires. Accruals: NI is negative (-$72.8M) so the CFO/NI positive-NI test cannot trigger; CFO is also negative — no accrual-quality signal. Revenue: essentially pre-commercial (revenue moved from $0 to $350K), DSO/deferred-revenue tests not meaningful. Capex: capex ($315K) < D&A ($400K), no aggressive capitalization. Balance_sheet: goodwill $2.79M is ~3% of assets, inventory de minimis. Leverage: debt/equity 0.17, no factoring/VIE/supplier-finance disclosure. Governance: only NT 10-Q on 2024-08-15 which is more than 12 months before the 2026-08-07 run date, so 6a critical late-filing does NOT fire; remaining 5.02 items are routine churn (soft), not enough to fire the family alone. No 4.02/restatement/auditor-disagreement. Market: Form 4 activity present but no 3+ insider selling cluster flagged (partial coverage) — no fire. Text: not evaluated, no present signal. Sector (medtech): no distributor/consignment/warranty/FCPA/recall signals in data.",31211529457,complete,1
2026-08-07,PODD,Yellow,0,0,0,0,0,1,0,0,1,"governance=soft (8-K 4.01 auditor change on 2025-12-19 with no reported disagreement; frequent 5.02 officer turnover) — NOT critical; the only NT filing is an NT 10-Q from 2015, well outside 12 months. sector=1 (medtech Family 1 distributor channel): 78% of revenue through 3 distributors and ~31% revenue growth exceeding end-market growth. Accruals clear: CFO/NI = 2.3 (569.3M/247.1M), no accrual quality issue. Revenue: gross margin expansion ~180bps (below 300bps threshold), no DSO data to fire. Capex/D&A ~2.1x but attributable to manufacturing expansion; not fired absent capitalized-software or clear opex-shift corroborator. Balance sheet: goodwill only 1.6% of assets, inventory growth (~5%) well below revenue growth. Leverage: D/E 1.1, no new supplier-finance/VIE/factoring disclosure. Market: partial coverage, no insider clusters. Text: not evaluated.",31211529457,complete,1
2026-08-08,ALMR,DataGap,0,0,0,0,0,0,0,0,0,"All accounting families (accruals, revenue, capex, balance_sheet, leverage) have unavailable coverage with no statements or ratios fetched — absence of data, not a flag. Governance coverage complete but only routine 8-K items present (2.02 earnings, 5.03 charter/bylaw amendment, 8.01 other); no critical 6a events and no soft 6b turnover disclosed, so governance does not fire. Market coverage partial: Form 4 dates cluster on 2026-04-20 but this pattern is consistent with initial post-listing ownership reporting, no 3+ insiders selling >25% each, so market does not fire. Text not evaluated. Sector coverage marked complete but no distributor/inventory/warranty/FCPA signals present in notes (all not_disclosed), so no sector family fires. No corporate action detected.",31273624365,fetch_failed,1
2026-08-08,TSM,DataGap,0,0,0,0,0,0,0,0,0,No family fires. Financial data (accruals/revenue/capex/balance_sheet/leverage) is unavailable due to foreign-filer status and 404 REST errors — absence is not a flag. Governance coverage complete but only routine 6-K filings present; no critical (6a) or soft (6b) events. Market coverage partial: Form 4s present but no qualifying insider-sale cluster. Text not evaluated; sector not applicable.,31273624365,fetch_failed,1
2026-08-08,PRCT,Yellow,0,0,0,0,0,0,0,0,0,"No family fires. Accruals: NI negative (loss), so positive-NI/CFO-gap rule inapplicable; large cash burn is disclosed context, not an accrual-quality flag. Revenue: DSO fell 135d->99d while revenue grew ~37%; gross margin expansion ~270bps (<300bps threshold). Capex/D&A ~1.46x (<1.5x) and no margin expansion (operating margin -33.7%). Balance sheet: inventory +26% vs revenue +37%, AR flat, goodwill immaterial. Leverage: no factoring/supplier-finance/VIE disclosures; debt stable. Governance: 8-K activity is routine (2.02 earnings, 5.07 votes, 5.02 officer changes); NO Item 4.02, no restatement, no NT filing, no auditor-disagreement — critical_governance false; soft-governance not clearly established as repeat CFO turnover. Market: partial coverage, insider clusters empty, no qualifying 3+ insider sale cluster. Text: not_evaluated, no signal. Sector (medtech): razor/razorblade robotic model; no distributor channel-stuffing, consignment build, ASC 606 SSP change, warranty under-reserving, FCPA inquiry, or write-off cadence disclosed.",31273624365,complete,1
2026-08-08,QDEL,Yellow,0,1,0,0,0,1,0,0,0,"revenue: DSO up ~50% YoY (37->56 days) in FY2025 combined with decelerating/declining revenue — fires on the >25% single-year DSO rule. governance: SOFT only — 8-K 4.01 auditor change (2025-03-04) with no disclosed disagreement plus repeated 5.02 officer-change filings; no 4.02, no restatement, no NT late filing, so critical_governance=false. accruals: not fired — NI is negative so the positive-NI CFO/NI test does not apply; large impairment-driven losses are context, not an accrual-quality signal. balance_sheet: goodwill impaired to 0 (not >40% of assets), inventory +8% while revenue fell but no quarterly data to confirm 2+ quarter AR/inventory build rule; not fired. capex/D&A 0.43, no capitalization concern. leverage: no supplier finance/VIE/refi-mix trigger. market: partial coverage, no insider clusters. text: not evaluated. sector (diagnostics): revenue declining so distributor sell-in growth test not met; no clear consignment/warranty/R&D-cap trigger, not fired.",31273624365,complete,1
2026-08-08,RGEN,Yellow,0,1,0,0,0,1,0,0,0,"governance=1 (SOFT/serious): latest 10-K (period 2025-12-31) discloses two unremediated material weaknesses (IT general controls; inventory valuation and financial-close business-process controls); ICFR not effective. The historical 8-K Item 4.02 (2024-09-18) and NT 10-K (2025-03-03)/NT 10-Q (2024-11-12) all fall OUTSIDE the trailing 12-month window (today 2026-08-08), so no fresh 6a event -> critical_governance=false. revenue=1: gross margin jumped from 43.3% (2024) to 52.3% (2025), >300bps single-year expansion with no disclosed mix/pricing rationale; DSO stable (~77->78d) and revenue accelerating so DSO limb does not fire, but margin limb does. accruals=0: CFO/NI=2.4, no gap. capex=0: capex/D&A=0.30. balance_sheet=0: goodwill 37.8% of assets (<40%), AR/inventory growth ~18-19% vs 16% revenue (not 1.5x). leverage=0: net debt/EBITDA negative, no factoring/VIE. market=0 (partial coverage, no insider clusters). text=not_evaluated -> 0. sector=0: inventory growth modest, no disclosed channel/consignment/warranty/recall issues, though inventory-valuation control weakness is captured under governance.",31273624365,complete,1
2026-08-08,RMD,Yellow,0,0,0,0,0,0,0,0,0,"No families fire. Accruals: CFO/NI ~1.25, strong cash backing, no fire. Revenue: DSO stable (~65-67 days), gross-margin expansion ~270bps below threshold, no fire. Capex: capex/D&A ~0.45, no aggressive capitalization. Balance sheet: goodwill 37% (<40%), inventory/AR growth roughly in line with revenue (~1.2x, below 1.5x), no fire. Leverage: net cash position (net-debt/EBITDA -0.29), no factoring/VIE/supplier-finance disclosed. Governance: only routine 2.02 earnings, 5.02 officer changes, 5.07 votes, 5.03 bylaws — no 4.02/restatement/auditor disagreement/NT filing, no critical governance. Market: no insider clusters. Text: not evaluated, no going-concern language present. Sector (medtech): no distributor channel-stuffing, consignment build, warranty under-reserving, FCPA, or write-off cadence signals in the data. Note: latest 10-K is stale (>400d) but is expected given fiscal year end 2025-06-30.",31273624365,complete,1
2026-08-09,ALMR,DataGap,0,0,0,0,0,0,0,0,0,"No family fired. Governance coverage complete but only routine 8-K items (2.02, 5.03, 8.01) present — no critical 6a events, no late filings. Market partial: Form 4 dates cluster on 2026-04-20 but no sale-size or holdings data to confirm a qualifying cluster; treated as absence, not a flag. Accruals/revenue/capex/balance_sheet/leverage all unavailable (no statements) — absence is not a flag. Sector coverage marked complete but no distributor/inventory/warranty/FCPA signals present to fire any medtech family.",31330944518,fetch_failed,1
2026-08-09,TSM,DataGap,0,0,0,0,0,0,0,0,0,"No family fires. Governance coverage complete but only routine 6-K furnishings (no 8-K Item 4.02, no restatement, no NT filing, no auditor disagreement) — no critical or soft governance event. Market coverage partial: Form 4 dates present but insider.clusters empty, so the 3-insider/25%-holdings cluster rule does not trigger; no short-interest data. All accounting families (accruals, revenue, capex, balance_sheet, leverage) are unavailable due to foreign-filer status and 404 REST errors — absence is not a flag. Text not evaluated; sector not applicable.",31330944518,fetch_failed,1
2026-08-09,RVTY,Yellow,0,0,0,0,0,0,0,0,0,"No family fired. Accruals: NI unavailable, cannot compute CFO/NI or Sloan; coverage partial — absence not a flag. Revenue: AR up ~18% YoY but revenue growth absent, cannot confirm DSO combination. Capex: capex/D&A ~0.18x, no capitalization signal. Balance sheet: goodwill 54% of assets exceeds 40% but no corroborator (no impairment, net-debt/EBITDA null, no organic-growth or contingent-consideration signal) — does not fire, and goodwill for medtech is evaluated here not double-counted. Leverage: LT debt declining (3.15B to 2.63B), no supplier finance/factoring/VIE, no ST/LT refi shift — no fire. Governance: only routine 5.02 officer changes and 5.03/5.07 (bylaws/annual meeting) items; no 4.02, no restatement, no NT filings, no auditor disagreement — not critical, no soft trigger clear. Market: no insider clusters, Form 4 activity routine. Text: not evaluated. Sector (medtech): no distributor/consignment/warranty/FCPA/recall signals present in data. Corporate action 2.01 detected relates to acquisition completions (2023), not a structural exit — set null.",31330944518,complete,1
2026-08-09,RXST,Red,0,0,0,1,0,1,0,0,1,"balance_sheet: FIRED — inventory YoY +43% vs revenue -4%, inventory growth vastly exceeds 1.5x revenue growth. sector (medtech): FIRED — same inventory build is relevant to consignment/channel and E&O write-off cadence in a device consumables model. governance: FIRED (soft) — clustered Item 5.02 executive/director changes across Dec 2025–Jul 2026; no 4.02/restatement/NT, so critical_governance=false. accruals: not fired — NI negative all years, so CFO/NI accrual test N/A (no positive-NI accrual gap). revenue: not fired — DSO declined (~78 to ~63 days), revenue decelerating but no receivables red flag. capex: not fired — capex/D&A ~1.17, below 1.5. leverage: not fired — low debt, no factoring/VIE/supplier finance. market: partial coverage, no insider clusters. text: not_evaluated.",31330944518,complete,1
2026-08-09,SGHT,Yellow,0,0,0,0,0,1,0,0,0,"Governance fires SOFT only: recurring Item 5.02 officer changes (2024-02, 2024-11, 2025-01, 2025-04, 2025-06, 2025-08, 2025-11) indicate leadership churn — counts as one contributing family, not critical. No 8-K 4.02, no restatement, no auditor resignation-with-disagreement, no NT filings — critical_governance=false. Accruals: NI negative both years so positive-NI CFO/NI rule not applicable; no fire. Revenue: DSO fell (~49→46 days), revenue decelerating/declining but no DSO increase; no fire. Capex/D&A ~0.46, no fire. Balance_sheet: inventory grew faster than revenue but only annual data available and goodwill immaterial; 2+ quarter corroborator not confirmable — not fired. Leverage: no supplier-finance/factoring/VIE disclosure, net-debt/EBITDA 1.4x; no fire. Market: partial coverage, no insider clusters flagged. Text: not_evaluated. Sector (medtech): declining revenue and inventory build noted but no distributor sell-in/channel-stuffing, warranty release, recall, or R&D-cap evidence in data — not fired. corporate_action: 8-K Item 2.01 (2024-05) detected but is an asset acquisition/completion, not a structural exit/take-private — reported null.",31330944518,complete,1
2026-08-09,SHC,Yellow,0,0,0,0,0,1,0,0,0,"governance: SOFT — multiple 8-K Item 5.02 executive/director changes over 2026 (Feb-May) indicate repeated C-suite/board churn; no 8-K 4.02, restatement, auditor-disagreement, or NT late filing present, so not critical. Accruals clear: 2025 CFO/NI = 287.2/77.9 = 3.7x (2023 negative CFO was a prior year, now normalized). Revenue clear: AR flat (~139M) vs revenue +5.7%, DSO stable, gross margin stable ~55.5%. Capex/D&A = 138/95 = 1.45x and declining (capex fell from 179M to 138M), no aggressive-capitalization combo. Balance sheet: goodwill ~34% of assets (<40%), no impairment/organic-decline corroborator. Leverage high (D/E 4.38x) but no new supplier finance/factoring/VIE disclosure and no ST-for-LT refi shift; no fire. Market partial, no insider sale clusters. Text not evaluated. Sector: no channel-stuffing, consignment build, warranty under-reserve, FCPA, or write-off cadence signals present; E&O reserve noted immaterial.",31330944518,complete,1
2026-08-10,ALMR,DataGap,0,0,0,0,0,0,0,0,0,"No family fires. Governance coverage is complete but shows only routine 8-K items (2.02, 5.03, 8.01) with no critical events (no 4.02, no restatement, no auditor resignation with disagreement, no NT filings) — critical_governance=false. Market coverage partial: Form 4 dates cluster on 2026-04-20 but appear procedural (coincide with 5.03 filing) and do not meet the 3+ insiders selling >25% rule; no short-interest data — no fire. All accounting families (accruals, revenue, capex, balance_sheet, leverage) are unavailable with no statements/ratios/notes present — absence is not a flag. Text not_evaluated. Sector coverage marked complete but no distributor, consignment, warranty, recall, or FCPA signals present in the data — no medtech family fires. Company appears to be a recent registrant/SPAC-like entity (no 10-K yet).",31424291988,fetch_failed,1
2026-08-10,TSM,DataGap,0,0,0,0,0,0,0,0,0,"No family fires. TSM is a foreign private issuer filing 6-Ks; no 10-K/10-Q, no statements, no ratios, no note bodies. Governance coverage is 'complete' but shows only routine 6-K filings, no 8-K Item 4.02, no restatement, no auditor resignation, no NT late filings — critical_governance=false. Market is partial: Form 4 activity present but no qualifying 3+ insider sale cluster or short-interest data. All accounting families unavailable — absence is not a flag. No corporate action disclosed.",31424291988,fetch_failed,1
2026-08-10,SIBN,Yellow,0,0,0,0,0,0,0,0,0,"No family fired. Accruals: NI negative both years, positive-NI trigger not met; CFO/NI floor N/A. Revenue: DSO fell (~60d->54d), gross margin stable at ~79.6%, no fire. Capex/D&A ~1.46x but no margin expansion (still loss-making). Balance sheet: inventory +25% vs revenue +20% (below 1.5x threshold), AR growth below revenue, goodwill immaterial. Leverage low (net debt/EBITDA 0.4), no supplier finance/VIE/factoring disclosed. Governance: no 4.02, restatement, auditor disagreement, or NT filing; repeated routine 5.02 filings noted but insufficient detail to fire soft governance. Market: partial coverage, no insider clusters. Text: not_evaluated. Sector (medtech): distributor/consignment channel present in model but inventory build modest and no write-down cadence or new FCPA inquiry; ASC 606 lease/implant treatment stable.",31424291988,complete,1
2026-08-10,SOLV,Red,1,0,0,1,0,1,0,0,0,"accruals: FIRED — current-year CFO/NI 0.24 with positive NI, dollar gap >3% of revenue, corroborated by inventory building faster than revenue; note divestiture gain likely inflates NI as partial context but CFO collapse is a genuine concern. balance_sheet: FIRED — inventory +10.5% vs revenue +0.9% (>1.5x); goodwill 39.9% of assets, just under 40% threshold and not corroborated so not a goodwill trigger. governance: FIRED (soft) — repeated Item 5.02 officer/director changes; no 4.02/4.01-disagreement/restatement/NT filing, so NOT critical. revenue: not fired — DSO down (46.2→45.3), deferred revenue rising, revenue flat. capex: not fired — capex/D&A 0.77. leverage: not fired — deleveraging (LT debt 7,810M→5,035M, ST debt 200M→0), net-debt/EBITDA 1.56x, no supplier-finance/VIE disclosure. market: partial coverage, no insider selling clusters. text: not_evaluated — no flag invented. sector: not fired — inventory build captured under balance_sheet; no distributor/consignment/warranty/FCPA/recall disclosures present to corroborate.",31424291988,complete,1
2026-08-10,STE,Yellow,0,0,0,0,0,0,0,0,0,"No family fires. Accruals healthy: CFO/NI = 1341/785 = 1.7x, no accrual concern. Revenue: DSO ~67 days vs ~70 prior (declining), gross margin flat (~44%), no fire. Capex/D&A = 0.76, no aggressive capitalization. Balance sheet: goodwill 39% (<40% floor), inventory +8.7% ~= revenue +8.7%, AR growth below revenue — no bloat. Leverage moderate (D/E 0.49), no supplier finance/VIE disclosures. Governance: only routine 8-K items (2.02 earnings, 5.02 officer changes, 5.07 votes, 2.05 exit costs) — no 4.02/restatement/auditor disagreement/NT filing; critical_governance false. Market: coverage partial, no insider clusters flagged. Text: not_evaluated, no signal. Sector (medtech): no distributor channel stuffing, consignment build, warranty under-reserving, FCPA, or recall signals present.",31424291988,complete,1
2026-08-10,SYK,Yellow,0,0,0,1,0,0,0,0,0,"balance_sheet FIRED: goodwill 40.3% of total assets AND corroborating goodwill/other impairment recorded in period ($170M FY2025), meeting the general.md Family 4 combination rule (medtech, not a hc_services roll-up, so goodwill evaluated here). Note this is marginal — goodwill just above 40% and impairment is modest. Accruals clear: CFO/NI = 1.55 (5044/3246), no accrual gap. Revenue clear: DSO fell to ~58.7d from ~64.4d, revenue accelerating with no receivables build. Leverage clear: net-debt/EBITDA 2.0x, ST debt falling, no VIE (10-K states no material VIE interests), no supplier finance. Governance clear: no 8-K 4.02, no restatement, no NT filings, no auditor disagreement — only routine 5.02 churn. Market partial coverage, no insider clusters. Text not evaluated. Sector clear: inventory grew in line with revenue (~11%), no distributor channel-stuffing or write-off cadence signals disclosed, no FCPA inquiry. corporate_action: 8-K Item 2.01 detected reflects SYK's own acquisition completion, not a structural exit — null.",31424291988,complete,1
2026-08-11,ALMR,DataGap,0,0,0,0,0,0,0,0,0,"No family fires. Financial-statement families (accruals, revenue, capex, balance_sheet, leverage) have unavailable coverage and no present signals — absence is not a flag. Governance coverage is complete but the 8-K items are routine: 2.02 earnings releases (May, Aug), 8.01 other events, 5.03 charter amendment; no Item 4.02, restatement, auditor resignation, or NT late-filing, so critical_governance=false and no soft-governance combination event. Market coverage partial: Form 4 dates cluster on 2026-04-20 but no qualifying insider-selling cluster (3+ selling >25% holdings) is identified; likely IPO/registration filings. Text not evaluated. Sector coverage marked complete but no distributor/consignment/warranty/FCPA/recall signals present in the data, so no sector flag.",31528420043,fetch_failed,1
2026-08-11,TSM,DataGap,0,0,0,0,0,0,0,0,0,"No family fires. TSM is a foreign private issuer with only 6-K filings and no 10-K/10-Q; ratios and statements returned 404. All accounting families are 'unavailable' with no present signal to fire on — absence is not a flag. Governance coverage is complete but shows no 8-K Item 4.02, restatement, auditor disagreement, or NT late filing (late_filings empty). Market coverage partial: recent Form 4 activity clustered on 2026-08-10 but the record reports no qualifying insider cluster. Text not evaluated; sector not applicable.",31528420043,fetch_failed,1
2026-08-11,TCMD,Yellow,0,0,0,0,0,0,0,0,0,"No families fired. Accruals: CFO $42.8M exceeds NI $19.1M (CFO/NI >2), no accrual concern. Revenue: DSO fell (~56d in 2024 to ~49d in 2025) while revenue grew ~12%; gross margin up ~200bps (74.0%→75.9%), under 300bps threshold — no fire. Capex/D&A ~0.36, well below 1.5. Balance sheet: goodwill only ~11% of assets, inventory declining, AR flat — no bloat. Leverage low (D/E 0.25, current ratio 4.0). Governance: 8-K history shows only routine 2.02 earnings, 5.02 officer/director and 5.03/5.07 items — no 4.02, no restatement, no NT filing, no auditor disagreement; routine churn only. Market coverage partial, no insider sale clusters. Text not evaluated. Sector (medtech): no distributor channel, consignment, warranty, FCPA, or write-off signals present.",31528420043,complete,1
2026-08-11,TECH,Yellow,0,0,0,0,0,0,0,0,0,"No family fired. Accruals: CFO/NI ~3.9x (287.6M/73.4M), no gap — cleared. Revenue: rev +5.2%, AR fell 241M→207M (DSO down) — no fire. Capex: capex/D&A ~0.28x, well below 1.5x. Balance sheet: goodwill ~38% (<40%), inventory +5.4% vs rev +5.2% (not >1.5x). Leverage: no debt ratios available; no factoring/VIE disclosure. Governance: NT 10-K (2017) and NT 10-Q (2004) both far outside 12-month window; recurring Item 5.02 filings are routine officer/board churn — no 4.02/restatement/auditor disagreement, not critical, not enough to fire. Market: no insider clusters. Text: not evaluated, no present signal. Sector (medtech/diagnostics): no channel-stuffing, consignment build, warranty, or FCPA signals; small Exosome divestiture only.",31528420043,complete,1
2026-08-11,TEM,Green,0,0,0,0,0,0,0,0,0,"No family fired. Accruals: NI negative so CFO/NI rule inapplicable; no positive-NI accrual signal. Revenue: AR/revenue growth 1.2x (<1.5x), DSO +10% (<15%), deferred revenue increasing, revenue accelerating — no fire. Capex: low and declining. Balance sheet: goodwill 20.7% (<40%), inventory/AR growth below 1.5x thresholds. Leverage: high ratios but no disclosed supplier-finance/factoring/VIE/short-vs-long-term shift — absence not a flag. Governance: no 8-K 4.02/4.01, no restatement, no NT late filings; only routine 5.07/5.03/2.02 items — no critical or soft governance event. Market: partial coverage, no insider selling clusters identified. Text: not_evaluated. Sector (medtech diagnostics): no channel-stuffing, consignment, R&D-cap, warranty, FCPA, or license-concentration signal clearly firing.",31528420043,complete,1
2026-08-11,TFX,Red,0,1,0,1,0,1,0,0,1,"revenue: DSO up ~30% YoY (>25% single-year threshold) with AR growth (+52%) far exceeding revenue growth (+17%). balance_sheet: both AR (+52%) and inventory (+32%) growing >1.5x revenue growth; goodwill 33% of assets (below 40% threshold, not the trigger). sector(medtech): inventory build >1.5x revenue for a single-use/consignment device maker plus disclosed distributor 'destocking' commentary (Family 1/2/9 pattern). governance: SOFT — repeated Item 5.02 exec turnover; NT 10-K present but from 2006, NOT within 12 months so not critical (no 4.02/restatement/auditor disagreement). accruals: not fired — NI negative from a one-time non-cash impairment; CFO positive, exclusion applies. leverage: high net-debt/EBITDA but no supplier-finance/factoring/VIE/ST-debt-shift trigger. market: partial coverage, no insider clusters. text: not evaluated. corporate_action: 8-K Item 2.01 asset acquisition/disposition detected.",31528420043,complete,1
2026-08-12,ALMR,DataGap,0,0,0,0,0,0,0,0,0,"Nearly all accounting families have unavailable/not_evaluated coverage (no 10-K, no ratios, no statements, empty notes) — absence is not a flag, so accruals/revenue/capex/balance_sheet/leverage/text/sector do not fire. Governance coverage complete but shows only routine 8-K items (2.02 earnings, 5.03, 8.01); no 4.02, no restatement, no auditor resignation/disagreement, no NT late filings — governance does not fire and critical_governance is false. Market coverage partial: recent Form 4 activity clustered 2026-04-20 but no cluster identified by the data and no holdings-percentage/short-interest data to fire the 3+ insiders >25% rule — market does not fire. This appears to be a newly-public company (CIK 210xxxx, no 10-K yet).",31633395975,fetch_failed,1
2026-08-12,TSM,DataGap,0,0,0,0,0,0,0,0,0,"All accounting families (accruals, revenue, capex, balance_sheet, leverage) have unavailable coverage due to 404 errors on financial endpoints and no 10-K found — absence of data, no flags fired. Governance coverage complete: only 6-K filings present, no 8-K Item 4.02, no restatement, no auditor resignation, no NT late filings — no governance flag. Market partial: Form 4s present but no qualifying insider-sale cluster identified. Text not evaluated. Sector not applicable (foreign private issuer). No family fires.",31633395975,fetch_failed,1
2026-08-12,TMDX,Green,0,0,0,0,0,0,0,0,0,"No families fired. Accruals clean: CFO/NI ~1.01 (CFO $192.8M vs NI $190.3M), CFO exceeds NI. Revenue quality clean: DSO fell to ~51 days from ~81, gross margin roughly flat (59.9% vs 59.4%), deferred revenue immaterial. Capex/D&A ~2.2x but capex actually declining YoY ($129.7M->$59.3M) and tied to aviation fixed-wing assets, not aggressive software/dev capitalization; no clear margin-expansion-plus-capitalization combo. Balance sheet fine: goodwill ~1% of assets, inventory +5% vs revenue +37%, AR declined. Leverage: no supplier finance/factoring/VIE disclosures; debt structure ordinary. Governance: no 8-K 4.02, no restatement, no auditor disagreement, no NT filings — only routine 5.02 officer changes (soft, not enough to fire). Market coverage partial, no insider clusters. Text not evaluated. Sector (medtech): predominantly direct acquisition model, immaterial deferred revenue, no distributor channel-stuffing, consignment, warranty, FCPA, or recall signals present. Corporate action Item 2.01 filings are asset (aircraft) acquisitions, not a structural exit.",31633395975,complete,1
2026-08-12,TMO,Yellow,0,0,0,0,0,0,0,0,0,"No family fires. Accruals healthy (CFO/NI 2025 ~1.16). Revenue: DSO ~73d vs ~70d prior (~4.5% rise), revenue growth modest, no acceleration/deceleration combination. Capex/D&A ~1.45x, below 1.5x threshold. Balance sheet: goodwill 44.7% of assets exceeds 40% but lacks any required corroborator, so it does not fire. Leverage: no supplier finance/factoring/VIE signals. Governance: 8-K activity limited to routine 2.02 earnings, 5.07 votes, and 5.02 officer/director changes — no 4.02, restatement, auditor disagreement, or NT late filing (none). Market: partial coverage, no insider clusters. Text: not evaluated, no present signal. Sector (medtech): goodwill counted in general family for non-roll-up; FCPA language is boilerplate risk factor, no new inquiry.",31633395975,complete,1
2026-08-12,TNDM,Red,0,1,0,1,0,1,0,0,1,"revenue: DSO +25%+ single year AND revenue growth decelerating -> fires. balance_sheet: AR growth (~44%) >1.5x revenue growth (~7.9%); goodwill immaterial. sector(medtech Family 1): distributor concentration (>10% from two distributors) and disclosed distributor inventory variability -> channel-stuffing watch. governance: soft only — repeated 5.02 officer changes, no 4.02/restatement/late filing/auditor disagreement. accruals: not fired — reported NI negative all years so positive-NI CFO/NI rule inapplicable. capex: capex/D&A ~1.13, no margin expansion. leverage: high D/E but no new supplier finance/factoring/VIE, convertibles pre-existing. market: partial coverage, no insider clusters. text: not evaluated. corporate_action: 8-K 2.01 present but not a structural exit (merger/take-private), so null.",31633395975,complete,1
2026-08-12,TWST,Yellow,0,1,0,0,0,0,0,0,0,"revenue: fires — DSO up ~36% YoY (>25% single-year threshold) with continued revenue growth, consistent with receivables build. accruals: does not fire — NI negative in all years, so positive-NI CFO/NI rule cannot apply. balance_sheet: AR grew ~3x faster than revenue but the rule requires 2+ consecutive quarters and only annual data is present; goodwill ~12.8% of assets, well under 40%. capex: capex/D&A ~1.13, below 1.5x and margins negative. leverage: no supplier-finance/factoring/VIE disclosures. governance: no 8-K 4.02, no restatement, no NT filing, no auditor disagreement — one routine 5.02 officer 8-K only, not enough to fire. market: partial coverage, no insider clusters flagged. text: not evaluated. sector: no distributor/channel/warranty/FCPA/recall signals present.",31633395975,complete,1
2026-08-13,ALMR,DataGap,0,0,0,0,0,0,0,0,0,"No financial data available (REST endpoints 404, no 10-K, empty statements/notes). Absence is not a flag — accruals/revenue/capex/balance_sheet/leverage/sector all coverage-limited with no present firing signals. Governance coverage complete but only routine 8-K items (2.02 earnings, 5.03 charter, 8.01 other); no Item 4.02, restatement, auditor resignation, or NT late filing — no critical or soft governance fire. Market partial: Form 4 activity on 2026-04-20 looks like new-issuer grants, no 3+ insider sale cluster >25% holdings, no short-interest data — does not fire. Text not evaluated.",31736410338,fetch_failed,1
2026-08-13,TSM,DataGap,0,0,0,0,0,0,0,0,0,"No family fires. Coverage: governance complete (only 6-K filings present, no 8-K Item 4.02/4.01, no restatement, no NT late filing — no critical or soft governance signal). Market partial: Form 4 dates present but insider.clusters empty and no sale-size data, so no fire. Text not_evaluated. Sector not_applicable. All accounting families (accruals/revenue/capex/balance_sheet/leverage) unavailable due to REST 404s and missing statements — absence is not a flag, so all set to 0.",31736410338,fetch_failed,1
2026-08-13,TXG,Yellow,0,0,0,0,0,1,0,0,0,"governance=1 (soft): elevated Item 5.02 officer-change cadence across 2024-2025 plus recurring 2.05 restructuring charges; no critical 6a events (no 4.02, no restatement, no auditor disagreement, no NT late filings). Accruals: NI negative so CFO/NI floor not applicable; CFO strongly positive ($136M) vs NI -$43.5M is benign, no fire. Revenue: AR fell 87.9M→47.0M while revenue grew — DSO declining, no fire; deferred revenue rising. Capex: capex/D&A well below 1.5x, no fire. Balance sheet: inventory and AR both declined, goodwill immaterial (~0.4% of assets), no fire. Leverage: modest D/E 0.31, no new supplier finance/VIE/factoring disclosed. Market: partial coverage, no insider clusters. Text: not evaluated. Sector (diagnostics): no channel stuffing, distributor build, warranty under-reserving, FCPA or write-off cadence signals present — warranty only appears as generic risk-factor language.",31736410338,complete,1
2026-08-13,UFPT,Yellow,0,0,0,0,0,0,0,0,0,"No families fire. Accruals: CFO $91.9M vs NI $68.3M (CFO/NI ~1.35) — no accrual concern. Revenue: sales +19.5% YoY, AR declining (82.9M vs 84.7M), DSO improving, GM roughly flat (~28.3%) — no fire. Capex: capex not provided; D&A present, cannot corroborate. Balance sheet: goodwill 30% of assets (<40% threshold), inventory flat, AR down — no fire. Leverage: net-debt/EBITDA ~1.0x, no supplier-finance/factoring/VIE disclosure, ST debt flat — no fire. Governance: no 8-K 4.02, no restatement, no auditor disagreement, no NT filing; repeated routine 5.02 officer changes and a 1.05 cyber incident noted but not critical — no fire. Market: partial coverage, no insider selling clusters. Text: not_evaluated, no signal to fire. Sector (medtech): inventory flat vs rising revenue, no distributor/consignment build, no recall/warranty/FCPA disclosure surfaced — no fire; goodwill evaluated once here (non-roll-up).",31736410338,complete,1
2026-08-13,VCEL,Red,0,1,1,1,0,0,0,0,0,"revenue: fired — DSO +18% YoY (94.4d→111.8d) AND revenue growth decelerating (20.1%→16.5%). balance_sheet: fired — AR up 37.9% vs revenue 16.5% (>1.5x); inventory flat, goodwill not material. capex: fired — Capex/D&A >1.5x with gross-margin expansion, though explained by disclosed new Burlington manufacturing facility qualification (context softens severity). accruals: not fired — CFO/NI ~3.1, strong cash backing, no materiality trigger. governance: not fired — 8-K traffic is routine earnings (2.02), votes (5.07), bylaws (5.03), single officer change (5.02); no 4.02/restatement/auditor disagreement/NT filing. market: partial coverage, no insider clusters flagged. text: not evaluated. sector(medtech): not fired — direct hospital/ASC sales model, inventory flat, no distributor channel-stuffing, consignment, or FCPA/recall signals; internal-use software ASU noted as not-yet-adopted.",31736410338,complete,1
2026-08-13,VCYT,Yellow,0,0,0,0,0,0,0,0,0,"No families fire. Accruals: CFO $136.3M vs NI $66.4M (CFO/NI ~2.05) — healthy cash backing, no fire. Revenue: AR declined YoY ($46.5M→$44.7M), DSO down, deferred revenue immaterial; GM expansion ~320bps is borderline but scale-driven with no aggressive receivable build — no fire. Capex: capex/D&A ~0.45, well below 1.5x — no fire. Balance sheet: goodwill >40% but no corroborator (no impairment, positive organic growth, net cash) so per double-count/corroborator rule it does not fire; inventory and AR both declined — no fire. Leverage: D/E 0.07, net cash, no factoring/VIE/supplier-finance disclosures — no fire. Governance: 8-K Item 5.02 director/officer items (2026-03-16, 2026-06-11) appear routine; no 4.02, no restatement, no late filing, no auditor disagreement — no critical or soft fire confirmed. Market: partial coverage, Form 4 activity present but no 3+ insider selling clusters flagged — no fire. Text: not evaluated. Sector (medtech): no distributor channel-stuffing, consignment build, warranty under-reserve, FCPA, or R&D-capitalization signals present — no fire. Corporate action: detected 8-K Item 2.01 relates to the 2024 C2i acquisition completion (an inbound acquisition, not a structural exit) — not reported as a corporate_action exit.",31736410338,complete,1
2026-08-14,ALMR,DataGap,0,0,0,0,0,0,0,0,0,"No family fires. Data coverage is unavailable for accruals, revenue, capex, balance_sheet, and leverage — no statements or notes to evaluate, and absence is not a flag. Governance coverage complete: 8-Ks are routine (2.02 earnings releases, 8.01 other events, 5.03 charter/bylaw amendment); no Item 4.02, no restatement, no auditor resignation, no NT late filings — critical_governance=false, soft governance not triggered. Market coverage partial: Form 4 dates cluster on 2026-04-20 but the data explicitly reports no insider-sale clusters (likely IPO-related grants/registrations), and no short-interest data — market does not fire. Text not_evaluated. Sector coverage marked complete but no medtech-specific signals present in the data (no distributor, consignment, warranty, or FCPA disclosures) — sector does not fire.",31833295504,fetch_failed,1
2026-08-14,TSM,DataGap,0,0,0,0,0,0,0,0,0,"No family fired. Governance coverage complete but shows only routine 6-K filings with no 8-K item codes, no restatement, no 4.02, no NT late filings — no critical or soft governance trigger. Market coverage partial: many Form 4s dated 2026-08-10 but insider.clusters is empty and no holdings/percentage data present, so absence cannot fire the cluster rule. All accounting families (accruals/revenue/capex/balance_sheet/leverage) are unavailable with no statements — absence is not a flag. Text not_evaluated, sector not_applicable. TSM is a foreign private issuer filing 20-F/6-K, which explains the missing 10-K/8-K data.",31833295504,fetch_failed,1
2026-08-14,VCEL,Yellow,0,1,0,1,0,0,0,0,0,"Revenue: DSO up ~18% YoY (94→112 days) with decelerating revenue growth fires the >15% DSO + deceleration rule. Balance_sheet: AR growing ~38% vs revenue ~16.5% (>1.5x) fires AR bloat; goodwill not material and inventory flat. Accruals: CFO/NI 3.15x, no flag. Capex: high capex/D&A but attributable to disclosed new manufacturing facility, margin expansion <300bps — not fired. Leverage: D/E 0.38, no supplier finance/VIE. Governance: only routine 8-Ks (2.02 earnings, 5.07 votes, 5.02 officer, 5.03 bylaw); NT 10-Ks are from 2011/1998, no critical event. Market: partial coverage, no insider clusters. Text: not evaluated. Sector (medtech): direct-to-hospital MACI sales, no distributor stuffing, consignment, FCPA, warranty, or R&D-cap signals present.",31833295504,complete,1
2026-08-14,VREX,Yellow,0,0,0,1,0,0,0,0,0,"balance_sheet=1: inventory up ~13% YoY vs revenue up ~4% (>1.5x mismatch) plus a ~93M goodwill decline (likely impairment); goodwill at 18% of assets is below the 40% threshold so goodwill alone does not fire. Note only annual data available — inventory 2-quarter persistence unconfirmed but the annual build is material. accruals=0: FY25 NI negative (-69.9M) so positive-NI CFO/NI test N/A; CFO 41.7M positive. revenue=0: DSO actually declined (~71→~68 days). capex=0: capex/D&A <1. leverage=0: short-term debt fell 46.3M→1.5M, no new factoring/VIE disclosed, negative EBITDA drives noisy net-debt/EBITDA. governance=0: 8-K 4.01 (2021) and NT filings (2019-20) all outside 12-month window; recent 5.02s lack disclosed disagreements — no critical or clear soft trigger. market=0: partial coverage, no insider clusters. text=not_evaluated. sector=0: no distributor/consignment/warranty-decline specifics disclosed to fire medtech families; inventory build captured under balance_sheet to avoid double-count.",31833295504,complete,1
2026-08-14,WAT,Yellow,0,0,0,0,0,0,0,0,0,"No families fire. Accruals: CFO/NI ~1.02, no gap. Revenue: DSO 95.5 vs 90.5 (+5.5%, below 15% threshold), revenue accelerating not decelerating. Capex/D&A 1.28 (<1.5). Balance sheet: inventory +20% vs rev +7% is elevated but only annual data (rule requires 2+ quarters); goodwill 26%<40%. Leverage: net-debt/EBITDA 0.4x, acquisition debt disclosed openly (not hidden). Governance: 8-K 5.02 items are routine officer changes; no 4.02/restatement/NT/auditor disagreement — not critical. Market: partial coverage, no insider clusters. Text: not evaluated. Sector (medtech): no distributor stuffing, warranty, FCPA, or R&D-cap signal fired. Corporate action item 2.01 is completion of BDS acquisition (inbound acquisition, not a structural exit) so corporate_action=null.",31833295504,complete,1
2026-08-14,WST,Yellow,0,0,0,0,0,0,0,0,0,"No families fired. Accruals clean (CFO/NI = 1.53). Revenue: DSO ~68 days, flat/down YoY, no acceleration. Leverage: net cash (net-debt/EBITDA -0.78), no factoring/VIE disclosures. Goodwill only ~2.6% of assets. Governance: no 8-K 4.02, no restatement, no auditor disagreement; only late filing is a 1998 NT 10-K (out of window) — not critical. Item 1.05 cyber incident and 5.02 churn noted but do not fire soft governance. Market coverage partial, no insider clusters. Text not_evaluated. Sector medtech: no distributor channel-stuffing, warranty, FCPA, or write-off patterns disclosed in provided data.",31833295504,complete,1
2026-08-15,ALMR,DataGap,0,0,0,0,0,0,0,0,0,"No financial statements, ratios, or note bodies available (all REST endpoints 404; notes not_disclosed). Governance coverage complete but no critical events: 8-Ks are routine (2.02 earnings, 8.01 other, 5.03 charter). No Item 4.02, no restatement, no auditor resignation, no NT late filing — critical_governance=false. Market coverage partial: Form 4 activity clustered on 2026-04-20 appears IPO/grant-related, not a 3+ insider sell cluster >25% holdings — no fire. Sector and text families lack any present firing signal. Absence of data does not create flags, so all families set to 0.",31902447044,fetch_failed,1
2026-08-15,TSM,DataGap,0,0,0,0,0,0,0,0,0,"No family fired. Governance coverage is complete but the 8-K feed shows only routine 6-K furnishings with no item codes, no NT late filings, no Item 4.02/4.01, and no restatement — no critical or soft governance trigger. Market coverage partial: insider 'clusters' array empty; recent Form 4 dates all identical (2026-08-10), likely an ingestion artifact for an FPI, so no 3+ insider sale cluster fires. Accruals/revenue/capex/balance_sheet/leverage all unavailable with no present signals — absence is not a flag. Text not_evaluated. Sector not_applicable (TSM is a semiconductor manufacturer, not a covered sector). Overall this is a data-coverage gap driven by FPI status, not evidence of forensic risk.",31902447044,fetch_failed,1
2026-08-15,VCEL,Green,0,1,0,0,0,0,0,0,0,"Revenue family FIRED: DSO up ~18% YoY (>15% threshold) AND revenue growth decelerating (16.5% vs 20.1% prior); AR growth (~38%) far outpaced revenue growth. Accruals NOT fired: CFO/NI = 3.15 (strong cash backing). Capex/D&A elevated (2.35x) but attributable to disclosed Burlington facility buildout, not aggressive capitalization — not fired. Governance: 8-K 5.02/5.03 items are routine officer/bylaw changes; only NT 10-K filings are from 2011/1998 (well outside 12 months) — no critical governance. Market coverage partial, no insider clusters flagged. Text not evaluated. Sector: MACI sold direct to hospitals, no distributor channel-stuffing or consignment build signal; inventory flat.",31902447044,complete,1
2026-08-15,XRAY,Yellow,0,0,0,0,0,1,0,0,1,"governance=soft: prior 8-K 4.01 auditor change (2024-03-07) is >12 months old and shows no disclosed disagreement; all NT late filings (2018-2019, 2022) are outside the 12-month window, so NOT critical. Persistent Item 5.02 executive turnover fires the soft governance family only. accruals: NI negative (-$598M) so positive-NI CFO/NI test does not apply; no fire. capex/D&A <1.0, no fire. balance_sheet: goodwill 21% of assets (<40%) so goodwill test cannot fire; only annual datapoint for inventory so 2-quarter rule unmet — no fire (goodwill impairment noted as context). leverage: ST debt FELL and LT debt ROSE (opposite of refi-hiding pattern), no new supplier-finance/VIE disclosure — no fire. sector=fire: inventory grew faster than (declining) revenue plus distributor-inventory exposure noted in MD&A and a goodwill/intangible impairment — medtech channel/inventory concern. market partial (no sell clusters), text not_evaluated.",31902447044,complete,1
2026-08-15,ZBH,Green,0,0,0,1,0,0,0,0,0,"Only balance_sheet fires: AR growth (~2.1x revenue growth) meets the AR-bloat criterion; note this is annual data (2+ quarter persistence not directly confirmable). Goodwill at 43% of assets lacks a corroborator (no impairment, net-debt/EBITDA 3.16x < 4x, positive organic growth) so it is a structure, not a flag. Accruals clear easily (CFO/NI 2.4x). Revenue family does not fire: DSO up only ~7% and revenue growth accelerating. Capex/D&A ~0.2x. Governance: multiple routine 5.02 executive-change 8-Ks and 1.01/2.03 debt items, no Item 4.02/restatement/auditor disagreement/NT filing — not critical, not clearly soft-firing. Market coverage partial with no insider clusters. Text not_evaluated. Sector: consignment-heavy but inventory grew below revenue, no write-down cadence or FCPA/recall disclosure.",31902447044,complete,1
2026-08-15,AMP,Yellow,0,0,0,0,0,0,0,0,0,"No family fires. Accruals: CFO/NI ~2.3x FY25, CFO exceeds NI in all years — no gap. Revenue growing ~5-11% with no DSO/deferred signal available to fire. Capex negligible (<1% revenue), no capitalization concern. Balance sheet: goodwill note present but not quantified; no corroborator, high leverage is inherent to a financial issuer. Leverage: debt ratios reflect insurance/asset-mgmt structure; no first-time supplier finance/factoring, VIE disclosure is routine. Governance: 8-Ks are routine 2.02 earnings, 5.07 votes, 5.02 officer changes — no Item 4.02, restatement, auditor disagreement, or NT late filing; clean auditor opinion on ICFR. No critical governance. Market: partial coverage, no insider clusters flagged, no short data. Text: not evaluated — absence, not a flag. Sector: not applicable.",31902447044,complete,1
2026-08-16,ALMR,DataGap,0,0,0,0,0,0,0,0,0,"No family fired. Governance coverage complete but only routine 8-Ks present (2.02 earnings, 8.01 other, 5.03 charter amendment, 9.01 exhibits) — no Item 4.02, no restatement, no auditor resignation, no NT late filing; critical_governance=false. Market coverage partial: Form 4 activity clustered 2026-04-20 but appears to be issuance/grants (no disclosed sales >25% holdings, no insider sell cluster), so market does not fire. Accruals/revenue/capex/balance_sheet/leverage all unavailable with no present signal — absence is not a flag. Text not_evaluated. Sector coverage marked complete but no distributor/consignment/warranty/FCPA/recall signals present in fetched data, so no medtech sector family fires.",31965964342,fetch_failed,1
2026-08-16,TSM,DataGap,0,0,0,0,0,0,0,0,0,"No family fires. Governance coverage complete but contains only routine 6-K filings and no 8-K Item 4.02/4.01, restatement, or NT late filing — no critical or soft governance event. All accounting families (accruals/revenue/capex/balance_sheet/leverage) are unavailable with no present signals, so none can fire (absence is not a flag). Market is partial: Form 4s present but no 3+ insider cluster and no short-interest data. Text not evaluated; sector not applicable (foreign filer). Composite scores uncomputable due to missing statements.",31965964342,fetch_failed,1
2026-08-16,VCEL,Yellow,0,1,0,1,0,0,0,0,0,"revenue: DSO +18% YoY (>15%) AND revenue growth decelerating (20.1%→16.5%) — combination fires. balance_sheet: AR growth (~38%) exceeds 1.5x revenue growth (16.5%); note only annual data available, no goodwill/leverage corroborators needed as AR test stands. accruals: CFO/NI ~3.1x, no fire. capex: Capex/D&A elevated but driven by disclosed Burlington facility construction, margin expansion only ~190bps — not fired. governance: 8-K 5.02 officer changes are routine (soft), NT 10-K filings are 2011/1998 (outside 12 months), no 4.02/restatement — no fire, not critical. market: Form 4 activity present but no 3+ insider selling cluster flagged (partial coverage). text: not evaluated. sector (medtech): MACI sold direct to hospitals, no distributor channel/consignment build/warranty/recall/FCPA signals — no fire.",31965964342,complete,1
2026-08-16,ARE,Yellow,0,0,0,0,0,0,0,0,0,"No family fires. Accruals: NI is negative in FY2025 so the positive-NI/low-CFO rule does not apply; CFO/NI corroborators absent. Revenue/capex/balance_sheet: REIT with no inventory/goodwill/DSO signals present. Leverage: D/E 0.78, D/A 0.44, no supplier-finance/factoring/VIE disclosures. Governance: repeated Item 5.02 changes are routine churn (6b) with no disagreement, no 4.02, no restatement, no NT late filings — not fired. Market: Form 4 activity present but no 3+ insider selling cluster. Text: not evaluated. Sector: ARE is a lab/office REIT with no hc_services accounting signals (bad-debt, MLR, roll-up goodwill, FCA) present in the data.",31965964342,complete,1
2026-08-16,DOC,CorporateAction,0,0,0,0,0,0,0,0,0,"No family fires. Accruals: CFO (1.25B) far exceeds NI (101M), no accrual-quality problem. Balance sheet: goodwill only 69M of 20.3B total assets — de minimis. Leverage: debt/equity 1.48, debt/assets 0.59 normal for a REIT; no new supplier finance/VIE/factoring disclosed. Governance: 8-K item 2.01 present plus routine 5.02 director/officer items — no 4.02, no restatement, no auditor disagreement, no NT late filings; not critical. Market coverage partial with no insider clusters. Text not evaluated. Sector: healthcare REIT, not a roll-up; goodwill trivial. Corporate action noted (Janus Living spin-off).",31965964342,complete,1
2026-08-16,VTR,Yellow,0,0,0,0,0,0,0,0,0,"Ventas (VTR) is a healthcare REIT (landlord model, SHOP/NNN/OM&R segments) rather than an operating provider, so most hc_services sector families (bad debt, MLR/IBNR, 340B, FCA) do not map. No family fires. Accruals: CFO/NI ~6.3x, no gap. Revenue growing (~18% YoY) with no DSO signal available. Goodwill ~3.8% of assets — no balance-sheet or sector roll-up fire. Leverage elevated (D/E 1.16, debt/assets 0.53) but typical for a REIT with no new supplier-finance/VIE/factoring disclosure. Governance: repeated 8-K 5.02 items are routine director/officer changes with no disclosed disagreement; NT 10-K is from 2001 (outside 12mo). No 4.02, restatement, or auditor-disagreement resignation — critical_governance false. Market coverage partial with no insider clusters; text not evaluated (no fire from absence).",31965964342,complete,1
2026-08-17,ALMR,DataGap,0,0,0,0,0,0,0,0,0,"No family fires. Coverage: accruals/revenue/capex/balance_sheet/leverage all unavailable and text not_evaluated — absence of data is not a flag. Governance complete: 8-K items (2.02, 9.01, 8.01, 5.03) are routine; no 4.02/4.01-with-disagreement/NT filing, so no critical governance. Market partial: Form 4 dates cluster on 2026-04-20 but no qualifying insider-sale cluster identified. Sector complete but no medtech-specific signals present in disclosed data.",32058520797,fetch_failed,1
2026-08-17,TSM,DataGap,0,0,0,0,0,0,0,0,0,"No family fires. Coverage is unavailable/partial/not_evaluated for all accounting families; absence is not a flag. Governance coverage complete but only routine 6-K filings present — no 8-K 4.02, restatement, auditor disagreement, or NT late filing, so no critical governance. Market coverage partial: Form 4 dates present but no qualifying 3+ insider sale cluster >25% holdings and no short-interest data. Sector not applicable. No corporate action.",32058520797,fetch_failed,1
2026-08-17,VCEL,Yellow,0,1,0,1,0,0,0,0,0,"Revenue family FIRES: DSO up ~18% YoY (>15% threshold) combined with revenue growth deceleration (20.1%->16.5%). Balance_sheet family FIRES: AR grew 37.9% vs revenue 16.5% (>1.5x), though only annual data available (2+ quarter persistence not confirmable). Accruals do NOT fire: CFO/NI = 3.15, strongly cash-backed. Capex/D&A ~2.36x but driven by disclosed Burlington manufacturing facility buildout and margin expansion was <300bps — treated as benign, no fire. Leverage: no supplier finance/factoring/VIE disclosures. Governance: 8-K churn routine (2.02 earnings, 5.02 officer, 5.07 votes); NT 10-Ks are from 2011 and 1998, well outside 12 months — no critical governance. Market: partial coverage, no insider clusters. Text: not evaluated. Sector (medtech): MACI/Epicel/NexoBrid sold directly to hospitals, no distributor channel stuffing signals, inventory flat — no sector fire.",32058520797,complete,1
2026-08-17,WELL,Yellow,0,0,0,0,0,0,0,0,0,"Welltower (healthcare REIT, seniors housing/triple-net/outpatient medical). No families fire. Accruals: CFO/NI healthy (CFO $2.88B vs NI $962M, ~3.0x) — no accrual gap. Revenue growing ~40% ($6.03B->$8.45B) with no DSO/deferred-revenue distress signals. Capex: no aggressive capitalization evidence for a REIT. Balance sheet: goodwill not a dominant asset; identifiable intangibles are lease-related, no bloat corroborator. Leverage: debt/equity 0.56, debt/assets 0.36, no new VIE/supplier-finance/factoring disclosed. Governance: routine 8-K churn only (5.02 exec changes, 2.02 earnings, 5.07 votes) — no Item 4.02, restatement, auditor-disagreement, or NT late filing. Market coverage partial, no insider clusters. Text not evaluated. Sector (hc_services): WELL is a landlord not a provider roll-up — no goodwill>50%, no same-store decline masking, no FCA/qui-tam/DOJ or 340B disclosures found. No flags.",32058520797,complete,1
2026-08-17,ABBV,Yellow,0,0,0,0,0,0,0,0,0,"No families fire. Accruals: CFO $19.0B far exceeds NI $4.2B (CFO/NI ~4.5), no cash-backing concern. Revenue: DSO rose modestly (~71→75 days, <15%) while revenue grew ~9%; no deceleration+DSO combo. Capex: capex/D&A 1.59x but the D&A line ($762M) excludes intangible amortization, making the ratio unreliable, and no clear unexplained margin expansion. Balance sheet: goodwill ~27% of assets (<40%); AR/inventory grew faster than revenue on annual basis but no 2+ quarter corroboration available. Leverage: no supplier-finance/factoring/new-VIE disclosure; net cash. Governance: only routine 8-K 2.02 earnings and 5.02 officer/director items — no 4.02, restatement, auditor disagreement, or NT filing (not critical, not soft-firing). Market: coverage partial, no insider clusters. Text: not evaluated. Sector: not applicable.",32058520797,complete,1
2026-08-17,ABNB,Yellow,0,0,0,0,1,0,0,0,0,"Leverage (soft): short-term debt rose $0->$1,999M while long-term debt fell $1,995M->$0, triggering the ST-rising/LT-falling refi-mix rule; appears to be a maturing note reclassified to current rather than off-balance-sheet hiding — no supplier finance, factoring, or new VIE disclosed. Accruals do NOT fire: CFO/NI = 1.85, strong cash backing. Revenue clean: revenue +10% YoY, deferred revenue rising $5,931M->$6,959M (no backlog consumption), gross margin stable ~83%. Balance sheet: goodwill not material, no inventory/AR bloat. Governance: only a routine 8-K 5.02 (Nov 2025) officer/director change — soft, single event, does not fire; no 4.02/restatement/NT/auditor issue, critical_governance=false. All 8-Ks otherwise routine earnings (2.02) and annual meeting (5.07). Market: partial coverage, no insider clusters flagged. Text: not evaluated. Sector: not applicable.",32058520797,complete,1
2026-08-18,ALMR,DataGap,0,0,0,0,0,0,0,0,0,"No family fires. Coverage for accruals/revenue/capex/balance_sheet/leverage is unavailable and no present signal fires them — absence is not a flag. Governance coverage complete but 8-K items are routine (2.02, 8.01, 5.03, 9.01); no 4.02, 4.01 with disagreement, restatement, or NT late filing — critical_governance false. Insider Form 4 activity is clustered around 2026-04-20 but appears to be routine grant/registration activity (likely IPO/de-SPAC related), no cluster of 3+ insiders each selling >25% flagged; market partial, no fire. Text not evaluated. Sector coverage marked complete but no distributor/consignment/warranty/recall/FCPA signals present in the data, so sector does not fire.",32174714809,fetch_failed,1
2026-08-18,TSM,DataGap,0,0,0,0,0,0,0,0,0,"No flags fire. TSM is a foreign private issuer with no 10-K and no financial data available; accruals/revenue/capex/balance_sheet/leverage/text/sector coverage is unavailable or not applicable — absence is not a flag. Governance coverage is complete but shows only routine 6-K filings with no items, no NT filings, no restatement or 4.02 — no critical or soft governance event. Market data partial; recent Form 4s are same-day administrative filings with no qualifying insider-sale cluster.",32174714809,fetch_failed,1
2026-08-18,VCEL,Red,0,1,1,1,0,0,0,0,0,"Revenue fires: DSO +18% YoY and revenue growth decelerating. Balance_sheet fires: AR growth (~38%) >1.5x revenue growth (~16.5%). Capex fires: Capex/D&A >1.5x with same-period margin expansion (largely facility investment — context). Accruals clear: CFO/NI ~3.1x, strongly cash-backed. Leverage clean (D/E 0.38, no supplier-finance/VIE). Governance: only NT 10-K filings are from 2011/1998 (stale, not last 12 months); 8-K 5.02 items appear routine — no 4.02/restatement, no critical governance. Market coverage partial with no insider clusters. Text not evaluated. Sector (medtech): direct-to-hospital MACI sales, flat inventory, no distributor channel stuffing or write-off cadence evident — no sector fire.",32174714809,complete,1
2026-08-18,ACGL,Yellow,0,0,0,0,0,0,0,0,0,"No families fire. Accruals healthy: CFO/NI ~1.4 (CFO $6.17B vs NI $4.40B FY25), consistent across 2023-2025 — no cash-backing problem. Revenue growing (13.6B->17.4B->19.9B) with no DSO/deferred-revenue deterioration signal available or triggered. Capex negligible ($44M) for an insurer, no capitalization concern. Balance sheet: D/E 2.27 and debt/assets 0.70 are normal for a re/insurer balance sheet; goodwill not disclosed above 40% threshold and no corroborating impairment/leverage trigger. Leverage: routine debt shelf issuances (1.01/2.03) but no supplier-finance, factoring, or new VIE disclosure. Governance: 8-K 5.02 items are routine executive/board transitions with no disagreement; no Item 4.02, no restatement, no NT filing, no auditor resignation-with-disagreement — no critical governance. Market coverage partial: no insider selling clusters detected. Text not evaluated. Corporate action detected is an 8-K Item 2.01 completion of an acquisition BY Arch (an inbound M&A/roll-in), not a structural exit/take-private of ACGL, so no corporate_action exit flagged.",32174714809,complete,1
2026-08-18,ACN,Yellow,0,0,0,0,0,0,0,0,0,"No families fire. Accruals healthy: CFO $11.47B exceeds NI $7.68B (CFO/NI ~1.49). Revenue grew 7% with deferred revenue rising (no backlog consumption); no DSO/AR data anomaly. Capex ($600M) is minimal relative to scale, no aggressive capitalization signal. Goodwill $22.5B is ~34% of total assets, below the 40% threshold and no corroborator. Leverage disclosures routine, no supplier finance/VIE/factoring. Governance 8-Ks are routine 2.02 earnings releases and 5.02 officer/director changes with no 4.02, restatement, auditor disagreement, or late filing (soft or critical). Market coverage partial with no insider selling clusters (Form 4 activity appears routine). Text not evaluated; sector N/A.",32174714809,complete,1
2026-08-18,ADBE,Yellow,0,0,0,0,0,0,0,0,0,"No families fired. Accruals: CFO/NI strongly >1 (CFO $10.03B vs NI $7.13B), no cash-backing concern. Revenue: growing ~10.5% YoY, DSO stable (~36 days), deferred revenue rising with revenue — healthy. Capex: capex/D&A well below 1x ($179M vs $818M D&A), no over-capitalization. Balance sheet: goodwill 43.6% of assets exceeds 40% but lacks any corroborating signal (no impairment, positive organic growth, low leverage) so does not fire. Leverage: net-debt/EBITDA 0.08x, ST debt falling while LT stable — no hidden-leverage pattern, no factoring/VIE disclosure. Governance: recurring 8-K Item 5.02 filings are routine officer/director housekeeping, no 4.02/4.01-disagreement/NT filing; not critical. Market: partial coverage, no insider clusters flagged. Text: not evaluated. Sector: not applicable (software).",32174714809,complete,1
2026-08-19,ALMR,DataGap,0,0,0,0,0,0,0,0,0,"No family fires. Governance coverage complete but only routine 8-K items (2.02 earnings, 8.01, 5.03) — no Item 4.02, restatement, auditor resignation, or NT late filing, so critical_governance=false. Market data partial: Form 4 dates cluster on 2026-04-20 but appear to be IPO-related grants, no 3+ insider sales >25% holdings, no short-interest signal. Accruals/revenue/capex/balance_sheet/leverage all unavailable (no 10-K, ratios 404) — absence is not a flag. Text not evaluated. Sector marked complete but no distributor, consignment, warranty, FCPA, or R&D-cap signals present to fire.",32290713102,fetch_failed,1
2026-08-19,TSM,DataGap,0,0,0,0,0,0,0,0,0,"No family fires. Data coverage: governance complete (no 8-K item codes present — all filings are routine 6-Ks, no 4.02/4.01/NT), market partial (Form 4 dates present but no qualifying cluster of 3+ insiders each selling >25%), all accounting families unavailable and text not_evaluated. Absence of data is not a flag.",32290713102,fetch_failed,1
2026-08-19,VCEL,Yellow,0,1,0,1,0,0,0,0,0,"revenue: FIRED — DSO up ~18% YoY AND revenue growth decelerating (~20%→~16.5%); AR growth (38%) far outpaces revenue (16.5%). balance_sheet: FIRED — AR growing >1.5x revenue growth (2.3x); note only annual data available (no quarterly confirmation), inventory flat, no goodwill concern. accruals: not fired, CFO/NI ~3.1x, strong cash backing. capex: not fired — Capex/D&A >1.5x but clearly disclosed new manufacturing facility, benign. leverage: not fired, D/E 0.38, no supplier-finance/factoring/VIE disclosures. governance: not fired — 8-Ks are routine 2.02 earnings, 5.07 votes, 5.03 bylaws, one 5.02 officer change; no 4.02/restatement/auditor disagreement/late filing. market: partial coverage, no insider clusters flagged. text: not_evaluated. sector: not fired — MACI sold directly to hospitals/ASCs (low distributor mix), no consignment build, no recall/warranty or FCPA disclosures triggering.",32290713102,complete,1
2026-08-19,ADM,Yellow,0,0,0,0,0,0,0,0,0,"No families fired. Accruals clean: 2025 CFO/NI=5.08 (CFO $5.45B vs NI $1.07B), 2024=1.57; no gap. Revenue declining with DSO falling (AR $3.02B on $80.3B rev) — no channel/recognition signal. Capex/D&A ~1.05x, below 1.5x. Balance sheet: inventory and AR both declining faster than revenue, goodwill only ~9% of assets. Leverage: short-term debt falling (1.90B→0.80B), no new supplier-finance/VIE disclosure. Governance: the 8-K 4.02 (2024-11-05) and NT filings (2024) are all >12 months old, so critical-governance window not met; recurring 5.02 churn is routine soft governance below the combination threshold and did not fire. Market coverage partial, no insider clusters. Text not evaluated. Sector not applicable.",32290713102,complete,1
2026-08-19,ADP,Yellow,0,0,0,0,0,0,0,0,0,"No families fire. Accruals healthy: CFO/NI = 5441.2/4413.5 = 1.23, CFO exceeds NI, no accrual concern. Revenue: DSO ~58.5 days (2026) vs ~63.5 days (2025), declining; no channel-stuffing signature. Capex/margins stable, D&A flat ~586M, no capitalization signal. Balance sheet clean: goodwill only ~5% of total assets, AR flat/declining. Leverage: high debt/equity (7.6x) reflects ADP's client-funds structure, not hidden leverage; short-term debt shifted to long-term (5.07% -> refinanced to LT, reducing refi risk), no new VIE/supplier-finance/factoring disclosed. Governance: 8-K Item 5.02 officer-change filings are routine, no Item 4.02/restatement/auditor disagreement/late filing. Market coverage partial, no insider clusters. Text not evaluated. Sector not applicable (ADP is not a healthcare roll-up).",32290713102,complete,1
2026-08-19,AEE,Yellow,0,0,0,0,0,0,0,0,0,"Regulated electric/gas utility (Ameren). Accruals clean: CFO 3,353M vs NI 1,461M (CFO/NI ~2.3). Revenue: DSO up ~10% but revenue accelerating (not decelerating), no fire. Capex/D&A high but normal for utility with margin stable. Goodwill only ~0.8% of assets — balance-sheet goodwill rule not close. Leverage elevated (5.4x net-debt/EBITDA) but no new factoring/VIE/supplier-finance disclosure; refi-mix shift not evident as a hiding signal. Governance: several 8-K Item 5.02 officer/director changes are routine churn — no 4.02, no restatement, no NT filing, no auditor disagreement; critical_governance false. Market coverage partial, no insider clusters. Text not evaluated. Sector n/a.",32290713102,complete,1
2026-08-20,ALMR,DataGap,0,0,0,0,0,0,0,0,0,"No family fires. Data coverage is unavailable/partial/not_evaluated for accruals, revenue, capex, balance_sheet, leverage, market, and text — absence is not a flag. Governance coverage is complete but only routine 8-K items present (2.02 earnings, 8.01 other, 5.03 charter/bylaws, 9.01 exhibits); no Item 4.02, no restatement, no auditor resignation, no NT filing — no governance fire, critical or soft. Insider Form 4s cluster on 2026-04-20 but read as IPO/grant activity, no 3+ insider 25%+ sales cluster and no short-interest data — market does not fire. Sector coverage complete but no distributor/consignment/warranty/recall/FCPA signals present in the data — sector does not fire.",32407148899,fetch_failed,1
2026-08-20,TSM,DataGap,0,0,0,0,0,0,0,0,0,"No family fires. Coverage: accruals/revenue/capex/balance_sheet/leverage all 'unavailable' with no present signals — absence is not a flag. Governance coverage 'complete' but all 6-K filings carry empty item codes and no 4.02/restatement/auditor/NT events; no critical or soft governance trigger. Market 'partial': Form 4 dates present but insider.clusters is empty, so no cluster fires. Text not_evaluated; sector not_applicable (TSM is a foundry FPI, no sector rubric provided).",32407148899,fetch_failed,1
2026-08-20,VCEL,Green,0,1,0,0,0,0,0,0,0,"revenue: FIRED — DSO up ~18% YoY (94→112 days) combined with decelerating revenue growth (20%→16.5%); AR growing ~2.3x revenue growth corroborates receivables build. accruals: not fired — CFO/NI ~3.1x, strong cash backing, no gap. capex: not fired — high Capex/D&A is disclosed Burlington cell-manufacturing facility construction, not software capitalization; capex actually declined YoY. balance_sheet: not fired — only annual data (2+ quarter AR test unavailable); inventory flat, no goodwill concentration/impairment. leverage: not fired. governance: not fired — 8-K 5.02/5.03 are routine officer/bylaw items; NT 10-K filings are from 2011/1998, outside 12-month window; no 4.02/restatement/auditor disagreement. market: partial coverage, no insider clusters. text: not_evaluated, no signal. sector (medtech): not fired — MACI sold direct to hospitals (not distributor sell-in), inventory flat, no recall/warranty/FCPA disclosure.",32407148899,complete,1
2026-08-20,AEP,Yellow,0,0,0,0,0,0,0,0,0,"No family fires. Accruals: CFO/NI ~1.88 in 2025, well above floor — no flag. Revenue: DSO ~48 days, flat/declining YoY; no acceleration/backlog issue. Capex: cannot compute Capex/D&A reliably (data anomaly); no aggressive-capitalization signal. Balance sheet: goodwill negligible ($53M), AR growth below revenue growth. Leverage: high but normal utility structure, no new off-balance-sheet program. Governance: only routine 5.02/2.02/5.07 items — no 4.02, restatement, auditor disagreement, or NT filing. Market: partial coverage, no insider clusters. Text: not evaluated. Sector: not applicable.",32407148899,complete,1
2026-08-20,AES,Red,0,0,0,0,0,1,0,0,0,"governance=1 CRITICAL: 8-K Item 4.02 (2025-03-11) and NT 10-K (2025-03-03) for FY2024 indicate a restatement/non-reliance event; also SOFT auditor change 8-K 4.01 (2026-07-27, no disagreement noted). Note the critical 4.02/NT events are ~17 months old and the subsequent FY2025 10-K was timely. Accruals clear: CFO/NI 2025 = 26.6x (CFO 4,306M vs NI 162M), no cash-backing problem. Revenue clear: DSO ~50d vs ~49d prior, revenue flat. Capex clear: capex/D&A ~4.1x but margins contracting (no under-depreciation signature; utility norm). Balance sheet clear: goodwill only 0.7% of assets, inventory/AR growth immaterial. Leverage: routine 2.03 debt filings, no new supplier-finance/VIE/factoring disclosure surfaced. Market partial: no insider clusters. Text not_evaluated. Sector n/a.",32407148899,complete,1
2026-08-20,AFL,Yellow,0,0,0,0,0,0,0,0,0,"No family fires. Accruals: CFO/NI 0.70 (2025), 0.50 (2024), 0.68 (2023) — current-year ratio above the 0.5 trigger and no Sloan data to satisfy the >10% combination rule; NI-CFO gap ~6% of revenue but the calibrated corroborator/current-year floor is not met. Revenue/DSO not meaningful for an insurer and revenue decelerated (declined), not accelerated. Goodwill only ~$260M of $116B assets (immaterial). Leverage (D/E 2.9) is structurally normal for an insurance holding company; no new supplier finance/factoring/VIE disclosed. Governance: 8-K activity is routine (2.02 earnings, 8.01, 5.07 votes, some 5.02 exec changes in 2023-24) — no Item 4.02, no restatement, no auditor resignation with disagreement, no NT late filings; not critical, not even a clear soft trigger. Market coverage partial with no insider clusters. Text not evaluated. Sector not applicable.",32407148899,complete,1
2026-08-21,ALMR,DataGap,0,0,0,0,0,0,0,0,0,"No family fires. Data coverage is unavailable for all quantitative families (no 10-K, ratios 404). Governance coverage complete but only routine 8-Ks (2.02 earnings, 5.03 charter/bylaw amendment, 8.01) — no 4.02/4.01/NT/restatement, so no critical governance. Market partial: Form 4 dates cluster on 2026-04-20 but no disclosed 25%+ insider sales and no reported short-interest, so market does not fire. Sector coverage marked complete but no medtech-specific signals present in the data. Absence of data is not treated as a flag.",32516665639,fetch_failed,1
2026-08-21,TSM,DataGap,0,0,0,0,0,0,0,0,0,"No family fires. Data coverage: governance complete (no 8-K item 4.02, restatement, auditor disagreement, or NT late filing present — all 8-K entries are routine 6-K furnishings with no item codes). Market partial: Form 4 dates present but insider.clusters empty, so the 3+ insiders selling >25% rule is not met. Accruals/revenue/capex/balance_sheet/leverage all unavailable (REST 404s, empty statements/notes) — absence is not a flag. Text not_evaluated; sector not_applicable. TSM is a foreign private issuer, hence no 10-K/10-Q.",32516665639,fetch_failed,1
2026-08-21,VCEL,Yellow,0,1,0,1,0,0,0,0,0,"Revenue family FIRED: DSO up >15% YoY (94→112 days) AND revenue growth decelerating (20.1%→16.5%), satisfying the combination rule. Balance_sheet FIRED on AR growing ~2.3x revenue growth (>1.5x threshold); annual-only data limits the 2-quarter confirmation but the magnitude corroborates the revenue signal. Accruals cleared: CFO/NI = 3.15 (strong cash backing), no fire. Capex NOT fired: capex/D&A >1.5x but the spend is a disclosed new-manufacturing-facility buildout and gross-margin expansion was <300bps — treated as benign context. Leverage clean (D/E 0.38, no supplier-finance/VIE). Governance: only routine 8-K 2.02 earnings, one 5.02 officer change and a 5.03 bylaw amendment — no 4.02/restatement/auditor issue; NT 10-K filings are from 2011 and 1998, well outside 12 months, so NOT critical. Market partial (frequent Form 4s but no flagged 3+ insider cluster). Text not evaluated. Sector (medtech): MACI sold direct to hospitals, no distributor channel-stuffing, consignment build, or FCPA disclosures evident — no sector fire.",32516665639,complete,1
2026-08-21,AIG,CorporateAction,0,0,0,0,0,0,0,0,0,"No family fires. Accruals: 2025 CFO 3314M vs NI 3097M (CFO/NI ~1.07) — no gap. Revenue declining slightly, DSO not meaningful for insurer. Capex/inventory not applicable. Goodwill 3435M/161254M = ~2%, no balance-sheet bloat. Leverage ratios elevated but structurally normal for a P&C insurer; no supplier finance, VIE, or factoring first-time/expanded disclosure. Governance: multiple Item 5.02 filings represent routine board/officer churn with no disclosed disagreement, no 4.02/restatement/NT filing — neither critical nor sufficient soft-combination to fire. Market coverage partial, no insider clusters. Text not evaluated. Sector not applicable. Corporate action: 8-K Item 2.01 asset acquisition/disposition noted as context.",32516665639,complete,1
2026-08-21,AIZ,Yellow,0,0,0,0,0,0,0,0,0,"No families fire. Assurant is an insurance company; high debt/equity (5.18) is a structural balance-sheet feature — the 10-K debt note states debt-to-total-capital of 27.3%, normal for an insurer, so leverage does not fire. Accruals are clean: CFO/NI ~2.1x (CFO $1.83B vs NI $0.87B in 2025), well above threshold. Revenue growing ~8% with no receivables/DSO stress signal available or firing. Goodwill $2.65B is only ~7.3% of total assets, far below the 40% threshold, so balance_sheet does not fire. No supplier finance/factoring first-time disclosure, no new VIE (VIE note is routine/existing). Governance: NT filings are all stale (2005-2008), not within the last 12 months; recent 8-K 5.02 items reflect routine board/executive changes with no 4.02, restatement, or auditor disagreement — no critical or soft governance flag warranted. No insider clusters (market coverage partial, no signal). Text not evaluated. Sector not applicable (non-roll-up insurer).",32516665639,complete,1
2026-08-21,AJG,Yellow,0,0,0,0,0,0,0,0,0,"No families fire. Accruals clean: CFO/NI 2025 = 1930/1503 = 1.28. Revenue: DSO rose ~123→135 days (~10%, below 15% threshold) while revenue accelerated, so no fire. Capex not evaluable. Balance sheet: goodwill 32% (<40%) and AR/inventory bloat is acquisition-driven with only annual data (no 2+ quarter confirmation). Leverage: D/E 2.0 but no supplier-finance/VIE/refi-mix signal. Governance: 8-Ks are routine (2.02 earnings, 7.01, 5.07 annual meeting, one 5.02 officer change, 2.01 acquisition completion) — no 4.02, restatement, auditor disagreement, or NT late filing; not even a clear soft-governance combination. Market: partial coverage, no insider clusters. Text: not_evaluated. Sector: not_applicable.",32516665639,complete,1
2026-08-22,ALMR,DataGap,0,0,0,0,0,0,0,0,0,"No family fires. Governance coverage is complete but shows only routine 8-K items (2.02, 5.03, 8.01, 9.01) with no restatement, non-reliance, auditor disagreement, or late filing — no critical or soft governance trigger. Market coverage partial: Form 4 dates cluster on 2026-04-20 but no cluster flagged and no holdings/size data, so market does not fire. Accruals, revenue, capex, balance_sheet, leverage all unavailable with no present signals — absence is not a flag. Text not_evaluated. Sector coverage marked complete but all medtech-specific note bodies are not_disclosed, so no sector family fires. Overall: insufficient data, no affirmative signals.",32592235376,fetch_failed,1
2026-08-22,TSM,DataGap,0,0,0,0,0,0,0,0,0,"No family fires. Governance coverage complete but shows only routine 6-K filings with no item codes, no 4.02/restatement/auditor/NT — no critical or soft governance event. Market partial: Form 4 dates present but no 3+ insider sell cluster >25% holdings identified. All accounting families unavailable due to FPI reporting (6-K/20-F) and 404 REST errors; absence is not a flag. Sector not applicable.",32592235376,fetch_failed,1
2026-08-22,VCEL,Yellow,0,1,0,1,0,0,0,0,0,"revenue: DSO up ~18% YoY (94->112 days) AND revenue growth decelerating (20%->16.5%) — combination fires. balance_sheet: AR up ~38% vs revenue +16.5% (>1.5x); only annual data available (quarters empty) but the AR build is clear and corroborates revenue. accruals: CFO/NI ~3.1, no fire. capex: capex/D&A 2.35x but capex declined sharply YoY, no aggressive-capitalization trend, no fire. leverage: no supplier-finance/VIE/factoring, no fire. governance: only routine 8-K 2.02 earnings, 5.02 officer change, 5.03 bylaws; NT 10-Ks are from 2011/1998 (outside 12 months) — no critical or soft trigger. market: partial coverage, no insider clusters. text: not_evaluated. sector(medtech): MACI sold directly to hospitals/ASCs, no distributor channel-stuffing, consignment, warranty, FCPA, or recall signal present — no sector fire.",32592235376,complete,1
2026-08-22,AKAM,Yellow,0,0,0,0,0,0,0,0,0,"No families fired. Accruals healthy: CFO/NI ~3.36, CFO exceeds NI. Revenue: DSO ~69 days vs ~67 prior (small change), no deceleration. Capex/D&A ~0.72, well below 1.5x. Balance sheet: goodwill ~28% of assets (below 40% and no corroborator); AR growth mildly outpaces revenue but not to threshold. Leverage: no new supplier-finance/factoring/VIE disclosures. Governance: 8-K activity is routine (2.02 earnings, 5.02 officer/director, 5.03 bylaws, 5.07 votes, 1.01/2.03 financing); no Item 4.02, restatement, auditor disagreement, or NT filing — no critical governance. Market coverage partial, no insider clusters. Text not evaluated; no signal to fire. Sector not applicable (CDN/tech, not a roll-up).",32592235376,complete,1
2026-08-22,ALB,CorporateAction,0,0,0,0,0,0,0,0,0,"No family fires. Accruals: NI negative both years so CFO/NI positive-NI test inapplicable and no genuine-accrual corroborator; CFO ($1.28B) exceeds negative NI, no flag. Revenue: DSO fell (~50d to ~42d) with declining revenue, no fire. Capex: capex/D&A ~0.9x (below 1.5x) and margins contracting, no fire. Balance sheet: inventory and AR both declined, goodwill only ~9% of assets, no fire. Leverage: no supplier-finance/VIE disclosure; ST debt declining, no fire. Governance: multiple routine 5.02 filings but no 4.02/restatement/NT/auditor-disagreement — no critical, insufficient specificity to fire soft. Market: coverage partial, no insider clusters. Text: not evaluated. Sector: not applicable. Corporate action: 8-K 2.01 asset acquisition/disposition detected.",32592235376,complete,1
2026-08-22,ALL,Yellow,0,0,0,0,0,0,0,0,0,"Allstate (insurer). Accruals clean: CFO/NI 2025 = 10110/10266 = 0.99; no accrual gap. Revenue growing ~5.6% YoY with no DSO/deferred anomalies. Capex negligible ($228M) vs D&A; no capitalization concern. Goodwill only 2.6% of assets — far below 40% threshold. Leverage D/E 2.9 and debt/assets 0.75 are structurally normal for a holding-company insurer; no supplier finance/factoring/new VIE disclosed. Governance: 8-K 5.02 items are routine director/officer changes; no Item 4.02, restatement, auditor disagreement, or NT late filing. Market coverage partial — no insider clusters flagged, Form 4 activity routine. Text not evaluated. Sector rubric not applicable. No families fire.",32592235376,complete,1
2026-08-23,ALMR,DataGap,0,0,0,0,0,0,0,0,0,"No family fires. Financial data unavailable across accruals/revenue/capex/balance_sheet/leverage (REST 404s, no 10-K) — absence is not a flag. Governance coverage complete but only routine 8-K items (2.02, 5.03, 8.01); no critical 6a events, so governance=0. Market coverage partial with no qualifying insider-sale cluster or short-interest signal. Text not_evaluated. Sector marked complete but no distributor/inventory/warranty/FCPA signals present in notes (all not_disclosed), so sector=0. Company appears to be a recent registrant with no annual filing yet.",32659602351,fetch_failed,1
2026-08-23,TSM,DataGap,0,0,0,0,0,0,0,0,0,"No family fires. Governance coverage complete but shows only routine 6-K furnishings with no item codes, no NT filings, no 4.02/restatement/auditor events — no critical or soft governance trigger. All accounting families (accruals/revenue/capex/balance_sheet/leverage) are 'unavailable' with no present signals; absence is not a flag. Market is partial with Form 4 dates clustered on 2026-08-10 but no identified 3+ insider >25%-of-holdings sale cluster and no short-interest data, so it does not fire. Text not evaluated; sector not applicable (TSM not a covered roll-up sector).",32659602351,fetch_failed,1
2026-08-23,VCEL,Red,0,1,1,1,0,0,0,0,0,"Revenue: DSO up ~18% YoY AND revenue growth decelerating -> fires. Balance_sheet: AR growth (37.9%) >1.5x revenue growth (16.5%) -> AR bloat fires; inventory flat, goodwill not material. Capex: Capex/D&A 2.35x with gross-margin expansion meets rule, though largely explained by new manufacturing facility (context). Accruals: CFO/NI ~3.15 healthy, no fire. Leverage: D/E 0.376, no supplier finance/VIE. Governance: only 8-K 2.02/5.02/5.03/5.07 routine; NT 10-K filings are 2011/1998 (outside 12 months) -> no critical governance. Market: partial, no insider clusters flagged. Text: not evaluated. Sector (medtech): MACI sold directly to hospitals, no distributor channel-stuffing or consignment build disclosed -> no fire.",32659602351,complete,1
2026-08-23,ALLE,Yellow,0,0,0,0,0,0,0,0,0,"No families fire. Accruals clean: CFO 783.8M exceeds NI 643.8M (CFO/NI ~1.22). Revenue growth healthy (~7.8%), gross margin stable ~45%, no AR data to trip DSO. Capex modest (98.1M). Goodwill 36.6% of assets (below 40%) with no corroborator. Leverage moderate (net-debt/EBITDA 1.64x). Governance: only routine 5.02 officer/director changes and 2.02 earnings 8-Ks — no Item 4.02, restatement, auditor disagreement, or NT filing. Market coverage partial with no insider clusters. Text not evaluated. Sector not applicable. Inventory build noted as context but quarterly persistence unconfirmed.",32659602351,complete,1
2026-08-23,AMAT,Yellow,0,0,0,0,0,0,0,0,0,"No family fires. Accruals healthy (CFO/NI ≈1.14, CFO exceeds NI). Revenue stable — AR flat, DSO steady, no margin anomaly (+~120bps only). Capex/D&A elevated (~5.2x) but margin expansion negligible and capex is legitimate for a semiconductor-equipment maker; single ratio, not fired. Goodwill only ~10% of assets. Net debt negative; no factoring/VIE/supplier-finance disclosures. Governance 8-Ks are routine (5.02 officer changes, 5.03 bylaws, 2.02 earnings) — no 4.02/4.01-with-disagreement/NT filings, so no critical governance. Market coverage partial with no insider clusters. Text not evaluated; sector not applicable. Detected 8-K Item 2.01 is completion of an acquisition, not a structural exit, so no corporate_action.",32659602351,complete,1
2026-08-23,AMCR,Yellow,0,0,0,0,0,1,0,0,0,"Governance fires SOFT only: 8-K 4.01 auditor change (2026-08-14) with no disclosed disagreement/material weakness, plus repeated 5.02 officer changes — one family toward the combination count, not critical (no 4.02, restatement, auditor-resignation-with-disagreement, or NT late filing; late_filings empty). Accruals clean: CFO/NI = 2151/1106 = 1.94, well above floor. Revenue clean: DSO fell (~56d vs ~83d prior) and gross margin flat at 18.9%; growth is Berry merger, not receivables build. Capex/D&A = 0.62, no capitalization concern. Balance sheet: goodwill ~33% of assets (below 40%), inventory/AR growth explained by merger. Leverage: net-debt/EBITDA -0.41, no new factoring/VIE disclosure. Market partial, no insider clusters. Text not_evaluated. Sector not_applicable (packaging). Corporate action detected is Item 2.01 completion of the Berry acquisition — AMCR is the surviving acquirer, not a structural exit, so corporate_action=null.",32659602351,complete,1
2026-08-24,ALMR,DataGap,0,0,0,0,0,0,0,0,0,"No family fires. Governance coverage complete but no 8-K 4.02/4.01, no restatement, no NT late filings — 8-K items observed are routine (2.02 earnings, 8.01 other, 5.03 charter amendment). Not critical governance. Market coverage partial: Form 4 dates cluster on 2026-04-20 but insider.clusters is empty and no evidence of 3+ insiders each selling >25% — appears to be grants/registration activity, not a selling cluster, so market does not fire. Text not evaluated; no going-concern signal available. Sector coverage marked complete but no distributor/consignment/warranty/recall/FCPA signals present in data, so no sector flag. Core accounting families (accruals/revenue/capex/balance_sheet/leverage) are all unavailable — absence is not a flag.",32766493254,fetch_failed,1
2026-08-24,TSM,DataGap,0,0,0,0,0,0,0,0,0,"No family fires. Coverage is unavailable for accruals/revenue/capex/balance_sheet/leverage, not_evaluated for text, not_applicable for sector. Governance coverage 'complete' but only 6-K filings present with no Item 4.02, restatement, auditor resignation, or NT late-filing — no critical governance event. Market coverage partial: Form 4s present but no qualifying insider cluster. Absent data is not a flag.",32766493254,fetch_failed,1
2026-08-24,VCEL,Yellow,0,1,0,1,0,0,0,0,0,"revenue: DSO up ~18% YoY (>15%) AND revenue growth decelerating (20.1%->16.5%) — fires. balance_sheet: AR grew ~38% vs revenue ~16.5% (>1.5x) — fires; goodwill not material. accruals: CFO/NI ~3.1, strong cash backing — no fire. capex: Capex/D&A >1.5x but attributable to disclosed Burlington facility construction, margin expansion <300bps — not fired. leverage: low D/E, no supplier finance/VIE — no fire. governance: 8-K activity is routine (2.02 earnings, 5.03 bylaws, 5.07 votes, 5.02 officer); no 4.02/4.01/NT — no fire. market: partial coverage, no insider clusters — no fire. text: not evaluated. sector: MACI sold direct to hospitals, no distributor channel-stuffing/consignment/warranty signals present — no fire.",32766493254,complete,1
2026-08-24,AMD,Yellow,0,0,0,0,0,0,0,0,0,"No families fire. Accruals clean: CFO/NI ~1.5, CFO 6.49B > NI 4.34B. Revenue quality clean: DSO fell (~88d to ~67d) while revenue grew ~34%, gross margin stable at 49.5%. Balance sheet: inventory +38% vs revenue +34% (not >1.5x); goodwill 32.7% of assets (<40% threshold, no corroborator). Leverage: debt increase is on-balance-sheet CP/revolver, no new supplier finance/factoring/VIE. Governance: 8-K churn is routine 5.02 with no 4.02/restatement/auditor disagreement/NT filing — the Revenue-note 'transposed' item is an MD&A presentation fix in a 10-K/A, not a non-reliance restatement, so not critical. Market coverage partial, no insider clusters flagged. Text not evaluated. Corporate action detected was 8-K Item 2.01 (asset acquisition/disposition completion), not a structural exit, so corporate_action=null.",32766493254,complete,1
2026-08-24,AME,Yellow,0,0,0,0,1,0,0,0,0,"Leverage (1): general.md Family 5 fires on short-term debt rising while long-term debt falling — ST debt $654M→$1,209M, LT debt $1,425M→$1,074M FY24→FY25, refi-risk signature; new 8-K 2.03 debt arrangement (6/12/2026). Accruals (0): CFO/NI=1.22, no cash-backing gap. Revenue (0): DSO +10.6% (<15%), revenue growth accelerating not decelerating. Capex (0): capex/D&A=0.31, well below 1.5x. Balance_sheet (0): goodwill 44.6% >40% but no corroborator (no impairment, low leverage 0.26x, no negative organic growth); AR/revenue divergence present but quarterly persistence unverifiable. Governance (0): 8-K 5.02 items are routine officer/director changes; no 4.02/restatement/auditor disagreement/NT filing. Market (0/partial): no insider clusters. Text (0/not_evaluated). Sector: not applicable (industrial).",32766493254,complete,1
2026-08-24,AMGN,Red,0,1,0,1,1,0,0,0,0,"revenue: DSO up ~28% single year (>25% threshold) with decelerating revenue growth — fires. balance_sheet: AR up ~41% vs ~10% revenue growth (>1.5x); goodwill only ~21% of assets so goodwill rule not met, AR bloat drives the flag (annual data only, no quarterly). leverage: short-term debt rising while long-term debt falling pattern present — fires on the refi-risk condition. accruals: CFO/NI 1.29 (2025), no gap — no fire. capex: capex/D&A 0.36 — no fire. governance: 8-K 5.02 director/officer items are routine, no 4.02/restatement/late filing/auditor disagreement — no critical or soft fire. market: partial coverage, no insider clusters. text: not evaluated. corporate_action: detected 8-K 2.01 is acquisition completion, not a structural exit — null.",32766493254,complete,1
2026-08-25,ALMR,DataGap,0,0,0,0,0,0,0,0,0,"No family fires. Governance coverage complete but no 8-K Item 4.02, no restatement, no auditor resignation with disagreement, and no NT late filings — 8-K items are routine (2.02 earnings, 8.01 other, 5.03 charter/bylaws). Critical governance = false. Market coverage partial: Form 4 activity is clustered on 2026-04-20 but appears to be an issuance/registration event, not a 3+ insider SALE cluster exceeding 25% holdings, so market does not fire. All accounting families (accruals/revenue/capex/balance_sheet/leverage) unavailable with no present signal to fire on — absence is not a flag. Text not evaluated. Sector coverage marked complete but note bodies are all not_disclosed, so no medtech-specific signal present. Company appears to be a recent/new filer with no 10-K yet.",32887786509,fetch_failed,1
2026-08-25,TSM,DataGap,0,0,0,0,0,0,0,0,0,"No family fired. Data coverage: governance complete (no 4.02/restatement/auditor disagreement/NT filing), market partial, all accounting families unavailable due to REST API 404s and no 10-K found (TSM is a foreign private issuer filing 20-F/6-K). Absence of data is not a flag. Insider Form 4 dates present but no cluster meeting the 3+ insiders >25% holdings rule.",32887786509,fetch_failed,1
2026-08-25,VCEL,Yellow,0,1,0,1,0,0,0,0,0,"Revenue (FIRED): DSO up ~18% YoY (94→112 days) AND revenue growth decelerating (20%→16.5%), satisfying the DSO>15% + deceleration combination. Balance_sheet (FIRED): AR grew ~38% vs ~16.5% revenue (~2.3x), an AR-vs-revenue bloat corroborator; VCEL is a non-roll-up medtech so no goodwill double-count issue (goodwill not material). Accruals (no): CFO/NI ~3.1x, strong cash backing, no fire. Capex (no): Capex/D&A>1.5x with modest margin expansion but explained by disclosed Burlington facility construction — treated as context, not a manufactured-earnings flag. Leverage (no): no supplier finance/factoring/VIE. Governance (no): only routine 5.02/5.03 items; no 4.02/restatement/auditor disagreement; NT 10-Ks are from 2011/1998 (outside 12mo). Market (partial): Form 4 activity present but no 3+ insider selling cluster flagged. Text (not_evaluated). Sector (no): MACI sold direct to hospitals (not distributor sell-in); no consignment build, warranty release, FCPA, or R&D-cap signals present.",32887786509,complete,1
2026-08-25,AMT,Yellow,0,0,0,0,0,0,0,0,0,"No family fires. Accruals: CFO/NI ~2.08 (5464M CFO vs 2628M NI), strongly cash-backed, no flag. Revenue: DSO up ~14% YoY, under 15% threshold, and revenue growth is accelerating not decelerating; no fire. Capex/balance sheet: goodwill 12.3B/63.2B = 19.4% (well under 40%), no impairment corroborator; no fire. Leverage: net-debt/EBITDA 0.28x, no new VIE/supplier-finance disclosure; no fire. Governance: all NT late filings are 2005-2008 (outside 12mo), no 8-K 4.02/4.01 restatement or auditor disagreement; recurring 5.02 items are routine — not critical, not enough for soft-governance fire alone. Market: no insider clusters. Text: not_evaluated. Sector: not_applicable.",32887786509,complete,1
2026-08-25,ANET,Yellow,0,1,0,1,0,0,0,0,0,"revenue: DSO up ~29% YoY (>25% single-year threshold) while AR growth (65%) outpaces revenue growth (28.6%) — fires. balance_sheet: AR growing >1.5x revenue growth (2.3x) fires the AR-bloat rule; note quarterly data unavailable so 2+ quarter persistence inferred from annual. accruals: CFO/NI = 1.24, healthy, no fire. capex: capex/D&A = 1.65 but no clear margin expansion, no fire. leverage: no supplier-finance/factoring/VIE disclosure, net-debt/EBITDA null, no fire. governance: 8-K items are routine (2.02 earnings, 5.02/5.03 officer/bylaw, 5.07 votes); no 4.02, restatement, auditor disagreement, or NT filing — no fire, no critical governance. market: partial coverage, no insider clusters flagged despite Form 4 activity — no fire. text: not_evaluated. sector: not_applicable.",32887786509,complete,1
2026-08-25,AON,Yellow,0,0,0,0,0,0,0,0,0,"No family fired. Accruals: CFO/NI 2025 = 3481/3800 = 0.92, healthy; no gap. Revenue: DSO ~89 days flat vs ~88 prior year, no acceleration/deceleration mismatch. Capex/D&A = 263/188 = 1.4x, below 1.5x threshold. Balance sheet: goodwill 31% of assets (<40%), AR growth ~11% vs revenue ~9%, no 1.5x bloat. Leverage elevated but no combination trigger (no first-time/expanded factoring, no new VIE, ST debt not rising vs LT). Governance: numerous 8-K Item 5.02 director/officer events plus routine 5.07 annual-meeting items — no Item 4.02, no restatement, no auditor disagreement, no NT filings; not critical and churn is routine, so no soft-governance fire warranted alone. Market: coverage partial, no insider selling clusters. Text: not evaluated. Sector: not applicable.",32887786509,complete,1
2026-08-26,ALMR,DataGap,0,0,0,0,0,0,0,0,0,"No family fires. Governance coverage complete but shows only routine 8-Ks (2.02 earnings releases, 8.01 other, 5.03 charter/bylaw amendment) — no 4.02, restatement, auditor issue, or NT filing, so no critical governance. No late filings. Market data partial: Form 4 dates cluster on 2026-04-20 but insider.clusters is empty and pattern is consistent with IPO/formation grants, not qualifying 3+ insider sales >25% of holdings. Accruals/revenue/capex/balance_sheet/leverage all unavailable with no present signal — absence is not a flag. Text not evaluated. Sector coverage marked complete but no distributor, consignment, warranty, recall, FCPA, or R&D-capitalization signals present in notes (all not_disclosed). No corporate action.",33010675283,fetch_failed,1
2026-08-26,TSM,DataGap,0,0,0,0,0,0,0,0,0,"No fireable signals present. Governance coverage complete but only routine 6-K filings, no 8-K Item 4.02/4.01, no restatement, no NT late filing — critical governance false. Market coverage partial: Form 4 dates present but no qualifying sell cluster identified. All accounting families (accruals/revenue/capex/balance_sheet/leverage) unavailable due to missing REST data (404s) and no 10-K (foreign private issuer). Text not evaluated; sector not applicable. Absence of data is not a flag.",33010675283,fetch_failed,1
2026-08-26,VCEL,Yellow,0,1,0,1,0,0,0,0,0,"revenue: DSO up >15% YoY (94.4→111.8 days) AND revenue growth decelerating (from ~20% to ~16.5%) fires the revenue family. balance_sheet: AR growth (~38%) exceeds 1.5x revenue growth (~16.5%), firing on receivables build (annual data only, no goodwill concentration issue). accruals: CFO/NI = 3.15, strong cash backing — no fire. capex: capex/D&A ~2.35 but declining YoY and tied to disclosed Burlington facility buildout, not aggressive capitalization — no fire. leverage: D/E 0.38, no supplier-finance/VIE disclosure — no fire. governance: 8-Ks are routine (2.02 earnings, 5.02 officer, 5.03 bylaws, 5.07 votes); NT 10-Ks are from 2011/1998, outside 12 months — no critical or soft governance fire. market: Form 4 activity present but no 3+ insider selling cluster (partial coverage). text: not evaluated. sector: MACI sold directly to hospitals/ASCs; no distributor channel-stuffing, consignment build, or FCPA disclosure that triggers medtech families.",33010675283,complete,1
2026-08-26,AOS,Yellow,0,0,0,0,0,0,0,0,0,"No families fired. Accruals healthy (CFO 616.8M vs NI 546.2M, CFO/NI ~1.13). DSO up modestly ~7% (51.8->55.5 days) on flat revenue — below the 15%/25% thresholds, no flag. Capex/D&A 0.83x, no capitalization concern. Goodwill 710.6M is ~22.6% of assets, well under 40% and no impairment/leverage corroborator. Low leverage (D/E 0.69, minimal ST debt). 8-K history is routine earnings (2.02) and director/officer (5.02) items — no Item 4.02, restatement, auditor disagreement, or late filing. No insider clusters. Market partial, text not evaluated, sector N/A — no signals to fire from absent data.",33010675283,complete,1
2026-08-26,APA,Yellow,0,0,0,0,0,1,0,0,0,"Accruals: CFO/NI = 4545/1692 = 2.7x (healthy cash backing), no fire. Revenue: AR declined YoY, DSO falling amid asset divestitures, no fire. Capex/balance-sheet/leverage: no corroborating combination; goodwill from Callon is a structure not a problem with no impairment or leverage corroborator. Governance: SOFT marker — numerous 5.02 executive/director change 8-Ks over the period suggest repeat turnover; fires one family toward combination count but no 6a critical event (no 4.02, no restatement, no auditor disagreement, no NT filing). Market: partial coverage, no insider clusters (Form 4 activity appears routine grants dated 2026-07-01/2026-04-02), no fire. Text: not evaluated. Sector: not applicable. Corporate action detected is 8-K Item 2.01 = completion of Callon acquisition (accounting/structural add, not a non-accounting exit/take-private), so corporate_action left null.",33010675283,complete,1
2026-08-26,APD,Yellow,0,0,0,0,0,1,0,0,0,"governance=soft: recurring Item 5.02 officer/director turnover after 2025 board contest; no 4.02, restatement, auditor disagreement, or NT late filing, so not critical. Accruals do not fire (NI negative, CFO strongly positive $3.26B). Revenue: DSO ~55->58 days, flat revenue — no fire. Capex/D&A high but margins contracted (no margin expansion), so no fire. Balance_sheet: goodwill low, inventory flat; AR modestly up but not 1.5x for 2+ quarters. Leverage: no supplier finance/VIE/factoring, net cash — no fire. Market partial, no insider clusters. Text not evaluated. Sector n/a. Note: net loss driven by one-time impairments (Item 2.06) — context, not an accruals flag.",33010675283,complete,1
2026-08-28,ALMR,DataGap,0,0,0,0,0,0,0,0,0,"Nearly all accounting families are data-unavailable (no 10-K, no statements, REST endpoints 404). Absence is not a flag, so accruals/revenue/capex/balance_sheet/leverage/sector do not fire. Governance coverage is complete: 8-K items present are routine (2.02 earnings, 8.01 other, 5.03 charter, 9.01 exhibits) — no Item 4.02, no restatement, no auditor resignation, no NT filings; no critical or soft governance trigger. Market coverage partial: Form 4 dates cluster on 2026-04-20 but no sale-size or holdings data — no qualifying 3+ insider sale cluster, so market does not fire. Text not evaluated. Sector coverage nominally complete but no notes disclosed, so no sector signal fires.",33135358611,fetch_failed,1
2026-08-28,TSM,DataGap,0,0,0,0,0,0,0,0,0,"TSM is a foreign private issuer — no 10-K, no financials, no ratios were fetched (all REST endpoints 404). accruals/revenue/capex/balance_sheet/leverage coverage all unavailable, text not_evaluated, sector not_applicable; absence is not a flag, so none fire. Governance coverage complete: all filings are routine 6-Ks with no items, no NT filings, no 4.02/restatement/auditor events — no governance flag. Market partial: recent Form 4 dates exist but no qualifying cluster (3+ insiders selling >25% within 30 days) detected and no short-interest data, so no fire.",33135358611,fetch_failed,1
2026-08-28,VCEL,Green,0,1,0,0,0,0,0,0,0,"Revenue family fires: DSO up ~18% YoY (>15%) combined with revenue growth deceleration (20.1%->16.5%), meeting the combination rule; AR growth (38%) also outpaces revenue. Accruals clear: CFO/NI ~3.15, no gap. Balance_sheet not fired: no quarterly data to establish 2+ quarter AR build; goodwill not elevated. Capex not fired: high Capex/D&A explained by new manufacturing facility construction, disclosed. Leverage low, no off-BS programs. Governance: only routine 8-K 2.02/5.02/5.03/5.07 filings; NT 10-Ks are from 2011/1998 (outside 12 months) — no critical or soft governance event. Market partial: frequent Form 4 activity but no insider-selling clusters flagged. Text not_evaluated. Sector (medtech): MACI sold directly to hospitals, no distributor channel-stuffing, consignment build, warranty, recall, or FCPA signals present.",33135358611,complete,1
2026-08-28,APH,Yellow,0,0,0,0,0,0,0,0,0,"No families fired. Accruals healthy (CFO $5.37B > NI $4.31B, CFO/NI≈1.25). DSO improved YoY (~79→~75 days). Capex/D&A≈1.08 (<1.5). Goodwill 29% of assets, no impairment. No supplier-finance/factoring/new-VIE disclosures. Governance: 8-K churn (5.02 director/officer) is routine 6b-type housekeeping, no 4.02/restatement/auditor-disagreement/NT filing, so no governance flag. Market coverage partial with no insider clusters; text not evaluated (absence, not a flag). Corporate action detected is an 8-K Item 2.01 acquisition completion — an accounting/acquisition event, not a structural exit, so corporate_action=null.",33135358611,complete,1
2026-08-28,APO,Yellow,0,0,0,0,0,0,0,0,0,"No family fires. Accruals: CFO/NI 2025 = 7246/5401 = 1.34 (healthy), no low-CFO/NI condition met. Revenue: DSO/deferred-revenue diagnostics not meaningful/triggered for an asset-manager+insurer; no fire. Capex: no capitalization signal. Balance sheet: goodwill 5.92B of 460.9B assets (~1.3%), far below 40% threshold; not a roll-up. Leverage: extreme D/E is structural (Athene insurance liabilities + consolidated VIEs), no new supplier finance/factoring disclosed for first time, no ST/LT refi-shift evidence — combination not met. Governance: only routine Item 5.02 churn and standard 2.02/7.01/5.07 filings; no 8-K 4.02, no restatement, no auditor resignation-with-disagreement, no NT late filing — critical_governance false, soft governance not fired to a clear repeat-turnover threshold. Market: coverage partial, no insider clusters, no short-interest data — no fire. Text: not_evaluated, no signal to fire. Sector: not_applicable.",33135358611,complete,1
2026-08-28,APP,Green,0,0,0,0,0,0,0,0,0,"No families fired. Accruals: CFO/NI 2025 = 1.19 (3971M CFO vs 3334M NI), CFO exceeds NI — no accrual concern. Revenue: DSO declined from ~145d (2024) to ~121d (2025) while revenue accelerated (+70%); no DSO deterioration, no fire. Capex: no capex/D&A data present, not fired on absence. Balance sheet: goodwill 21% of assets (<40%); AR grew ~42% vs revenue +70% (AR slower than revenue); no fire. Leverage: net-debt/EBITDA 0.24, no supplier finance/factoring/new VIE disclosed. Governance: 8-K events are routine 2.02 earnings, 5.07 votes, and 5.02 officer changes — no Item 4.02, restatement, auditor resignation, or NT filing; no late filings; critical_governance false. Multiple 5.02 filings noted but no disclosed disagreement or CFO-specific detail, so soft governance not clearly established. Market: coverage partial, no insider selling clusters. Text: not evaluated. Sector: not applicable.",33135358611,complete,1
2026-08-29,ALMR,DataGap,0,0,0,0,0,0,0,0,0,"No family fires. Accruals/revenue/capex/balance_sheet/leverage coverage all 'unavailable' with no statements or notes disclosed — absence cannot generate a flag. Governance coverage complete but no 6a/6b triggers: 8-K items are 2.02 (earnings), 8.01 (other), 5.03 (charter/bylaw) and 9.01 (exhibits); no 4.01/4.02, no restatement, no NT late filing (late_filings empty). Market partial: Form 4 activity clustered on 2026-04-20 but insider.clusters is empty and no 3+ insiders each selling >25% documented — no fire. Text not evaluated. Sector coverage 'complete' but no distributor, consignment, warranty, recall, FCPA or ASC 606 signals present in the data — nothing to fire.",33227392284,fetch_failed,1
2026-08-29,TSM,DataGap,0,0,0,0,0,0,0,0,0,"No family fires. Accruals/revenue/capex/balance_sheet/leverage coverage all 'unavailable' with zero statements — absence is not a flag. Governance coverage 'complete' but only routine 6-K filings, no 8-K Item 4.02, no restatement, no auditor disagreement, no NT late filing — critical_governance false, soft governance not triggered. Market 'partial': Form 4 dates present but no qualifying 3+ insider sell-cluster >25% and no short-interest data — does not fire. Text 'not_evaluated'; sector 'not_applicable'. No corporate action.",33227392284,fetch_failed,1
2026-08-29,VCEL,Yellow,0,1,0,1,0,0,0,0,0,"Revenue family fires: DSO up ~18.4% YoY (>15%) AND revenue growth decelerating (16.5% vs prior 20.1%); AR growth 37.9% >> revenue growth. Balance_sheet fires on AR growing >1.5x revenue (annual; no quarterly detail available). Accruals clean — CFO/NI ~3.15, strong cash backing. Capex not fired: ratio >1.5x but capex declined YoY, no evidence of aggressive capitalization. Leverage low (D/E 0.38), no supplier finance/VIE. Governance: only routine 8-K 2.02 earnings and one 5.02/5.03; NT 10-Ks are from 2011/1998, outside 12-month window — no critical or soft governance fire. Market partial (no insider clusters). Text not evaluated. Sector: direct-to-hospital model, no distributor channel-stuffing or recall signals disclosed.",33227392284,complete,1
2026-08-29,APTV,CorporateAction,0,0,0,0,0,0,0,0,0,"No family fires. Accruals: CFO/NI far above 0.8 (CFO $2,185M vs NI $181M), no accrual concern. Revenue: DSO ~62d vs ~60d prior, no combination trigger. Capex/D&A <1.0. Balance sheet: goodwill 19.6% of assets (<40%); inventory/AR growth exceeds revenue but only annual snapshot, no 2-quarter corroboration. Leverage: net-debt/EBITDA 2.9x, no supplier-finance/VIE/factoring disclosure. Governance: routine 5.02 officer/director changes only; no 4.02, restatement, auditor disagreement, or NT late filing — no critical or soft trigger clearly met. Market: partial coverage, no insider clusters. Text: not evaluated. Sector: n/a. Corporate action (2.01 disposition/Swiss reorganization) noted separately.",33227392284,complete,1
2026-08-29,ARES,Yellow,0,0,0,0,0,0,0,0,0,"No families fired. Accruals: CFO/NI ~3.9x, no gap. Revenue/capex/balance_sheet: coverage complete, no combination triggers; goodwill 12% of assets. Leverage: D/E 2.3x normal for an alt-asset manager; no supplier finance/VIE-first-time/refi shift signals. Governance: complete coverage; 8-K set is routine (2.02 earnings, 7.01, 5.07 annual meeting, 5.02 director/officer changes, 1.01/2.03 debt issuances) — no Item 4.02, restatement, auditor disagreement, or NT late filings; not critical. Market: partial coverage, no insider clusters (3+ selling >25%), no short-interest data. Text: not evaluated — absence is not a flag. Sector: not applicable.",33227392284,complete,1
2026-08-29,ATO,Yellow,0,0,0,0,0,0,0,0,0,"No families fire. ATO is a rate-regulated gas distribution/pipeline utility. Accruals: CFO/NI 1.71x (FY25), 1.66x (FY24), 3.9x (FY23) — well above 0.8 floor, no fire. Revenue: AR ~flat ($375M vs $366M) against rising revenue, DSO low and declining, purchased-gas cost adjustment mechanisms make revenue pass-through; no fire. Capex: Capex/D&A very high (~4.8x) but with no margin expansion and consistent with regulated rate-base growth; no capitalized-software or R&D signal; no fire. Balance sheet: goodwill only ~2.6% of assets, inventory/AR not bloated; no fire. Leverage: no supplier finance/factoring/VIE disclosures; standard regulated debt structure; no fire. Governance: 8-K activity routine (2.02 earnings, 1.01/2.03 debt issuance, 5.02 director/officer changes, 5.07 votes, 5.03 bylaws) — no Item 4.02, no restatement, no auditor disagreement, no NT late filings (late_filings empty); no fire, critical_governance false. Market: no insider clusters, coverage partial; no fire. Text: not_evaluated — absence, no fire. Sector: not_applicable (utility).",33227392284,complete,1
2026-08-29,ALMR,DataGap,0,0,0,0,0,0,0,0,0,"No family fires. Governance coverage complete but only routine 8-K items (2.02/9.01 earnings, 8.01, 5.03 charter/bylaw) and no late filings — no 6a critical or 6b soft trigger. Market coverage partial with clustered 4/20 Form 4s but no qualifying insider-sale cluster. Accruals/revenue/capex/balance_sheet/leverage all unavailable (no 10-K, no statements/ratios) — absence is not a flag, so all set 0. Text not evaluated. Sector coverage 'complete' but no disclosed distributor, consignment, warranty, FCPA, or R&D-cap signals present to fire any medtech family.",33275046413,fetch_failed,1
2026-08-29,TSM,DataGap,0,0,0,0,0,0,0,0,0,"TSM is a foreign private issuer; EDGAR REST endpoints returned 404 and no 10-K exists, leaving accruals/revenue/capex/balance_sheet/leverage/text/sector coverage unavailable or not evaluated — absence is not a flag, so all set 0. Governance coverage complete: 8-K events are routine 6-K furnishings with no Item codes, no NT filings, no restatement or 4.02 — no critical or soft governance flag. Market partial: many Form 4 filings clustered on 2026-08-10 but no reported insider sales cluster meeting the 3+/>25% threshold; no short-interest data — market not fired.",33275046413,fetch_failed,1
2026-08-29,VCEL,Yellow,0,1,0,1,0,0,0,0,0,"revenue: DSO +18% YoY (94->112 days) with decelerating revenue growth triggers the DSO-up + decel combination. balance_sheet: AR growth (~38%) far exceeds revenue growth (~16.5%), >1.5x AR bloat; goodwill immaterial. accruals: CFO/NI ~3.1x, no fire. capex: capex/D&A >1.5x but attributable to disclosed new manufacturing facility, not aggressive software capitalization — no fire. governance: only routine 5.02/5.03 items, no 6a critical event; NT 10-Ks are ancient. market: partial coverage, no insider clusters. text: not evaluated. sector: no distributor/consignment channel-stuffing disclosure; MACI sold direct to hospitals — no medtech-specific fire despite AR build (captured under general revenue/balance_sheet).",33275046413,complete,1
2026-08-29,AVB,CorporateAction,0,0,0,0,0,0,0,0,0,"No family fires. Accruals: CFO/NI ~1.58 (2025) and ~1.49 (2024), well above thresholds — no accrual concern; extreme margin ratios are a units artifact, not a signal. Revenue/capex/balance_sheet/leverage: no combination triggers; goodwill not disclosed (REIT). Governance: multiple 5.02 officer/director changes and 5.03 bylaw amendments are routine/merger-related; no 8-K 4.02, no restatement, no NT filing, no auditor-disagreement — not critical, not soft-fired. Market: partial coverage, no qualifying insider cluster (>25% each) and no short-interest data. Text: not evaluated. Sector: not applicable. Primary event is a non-accounting structural exit (change of control + delisting) captured in corporate_action.",33275046413,complete,1
2026-08-29,AVGO,Yellow,0,1,0,0,0,0,0,0,0,"Revenue family fired: DSO +~30% YoY (>25% single-year rule) with AR growth (+62%) far outpacing revenue growth (+24%). Acquisition (VMware) context noted but the mechanical threshold is met. Accruals clean: CFO/NI = 27.5B/23.1B = 1.19. Capex/D&A = 1.09 (<1.5), no capitalization flag. Balance_sheet not fired: goodwill >40% but no qualifying corroborator (no impairment, no confirmed >4x net-debt/EBITDA), and AR-growth rule requires 2+ quarters not evaluable with annual-only data. Leverage: no new supplier-finance/factoring/VIE disclosure. Governance: multiple routine 8-K 5.02 officer/director changes but no 4.02, restatement, auditor disagreement, or NT late filing — no fire, not critical. Market coverage partial, no insider clusters. Text not evaluated. Sector n/a.",33275046413,complete,1
2026-08-29,AVY,Yellow,0,0,0,0,0,0,0,0,0,"No families fire. Accruals healthy: CFO/NI = 881.4/688 = 1.28, CFO exceeds NI all three years. Revenue quality clean: DSO ~62 days (2025) vs ~61 (2024), gross margin flat at ~28.8%, no acceleration. Capex/D&A = 169/206 = 0.82, well under 1.5x; software capitalization stable (~$31M). Balance sheet: goodwill ~26% of assets (<40%, no corroborator), inventory flat, AR growth modest and not 1.5x revenue for 2+ quarters. Leverage: no supplier-finance/factoring/new-VIE disclosures; debt notes routine. Governance: multiple 8-K 5.02 officer changes over the period but no disclosed disagreements/material weakness, no Item 4.02, no restatement, no NT filings — routine churn (6b), insufficient to fire alone. Market: coverage partial, no insider clusters, no short-interest data. Text: not_evaluated — no signal, not fired from absence. Sector: not applicable.",33275046413,complete,1
